category,file,width,height,source_archive,source_name
buildings,buildings/bldg_ironmine.png,128,128,Common0.FPK,bldg_ironmine.dds
buildings,buildings/bldg_sdidefense.png,128,128,Common0.FPK,bldg_sdidefense.dds
buildings,buildings/bldg_aqueduct.png,128,128,pedia.FPK,bldg_aqueduct.dds
buildings,buildings/bldg_bank.png,128,128,pedia.FPK,bldg_bank.dds
buildings,buildings/bldg_barracks.png,128,128,pedia.FPK,bldg_barracks.dds
buildings,buildings/bldg_cathedral.png,128,128,pedia.FPK,bldg_cathedral.dds
buildings,buildings/bldg_courthouse.png,128,128,pedia.FPK,bldg_courthouse.dds
buildings,buildings/bldg_factory.png,128,128,pedia.FPK,bldg_factory.dds
buildings,buildings/bldg_granary.png,128,128,pedia.FPK,bldg_granary.dds
buildings,buildings/bldg_harbor.png,128,128,pedia.FPK,bldg_harbor.dds
buildings,buildings/bldg_library.png,128,128,pedia.FPK,bldg_library.dds
buildings,buildings/bldg_market.png,128,128,pedia.FPK,bldg_market.dds
buildings,buildings/bldg_palace.png,128,128,pedia.FPK,bldg_palace.dds
buildings,buildings/bldg_ssfuel.png,128,128,pedia.FPK,bldg_ssfuel.dds
buildings,buildings/bldg_sshabitation.png,128,128,pedia.FPK,bldg_sshabitation.dds
buildings,buildings/bldg_sslifesupport.png,128,128,pedia.FPK,bldg_sslifesupport.dds
buildings,buildings/bldg_sspropulsion.png,128,128,pedia.FPK,bldg_sspropulsion.dds
buildings,buildings/bldg_temple.png,128,128,pedia.FPK,bldg_temple.dds
buildings,buildings/bldg_tradingpost.png,128,128,pedia.FPK,bldg_tradingpost.dds
buildings,buildings/bldg_university.png,128,128,pedia.FPK,bldg_university.dds
buildings,buildings/bldg_walls.png,128,128,pedia.FPK,bldg_walls.dds
buildings,buildings/bldg_workshop.png,128,128,pedia.FPK,bldg_workshop.dds
categories,categories/cat_civcat.png,128,128,Common0.FPK,cat_civcat.dds
categories,categories/cat_civhow.png,128,128,Common0.FPK,cat_civhow.dds
categories,categories/cat_civinfo.png,128,128,Common0.FPK,cat_civinfo.dds
categories,categories/cat_buildings.png,128,128,pedia.FPK,cat_buildings.dds
categories,categories/cat_civs.png,128,128,pedia.FPK,cat_civs.dds
categories,categories/cat_concepts.png,128,128,pedia.FPK,cat_concepts.dds
categories,categories/cat_governments.png,128,128,pedia.FPK,cat_governments.dds
categories,categories/cat_gp.png,128,128,pedia.FPK,cat_gp.dds
categories,categories/cat_leaders.png,128,128,pedia.FPK,cat_leaders.dds
categories,categories/cat_relics.png,128,128,pedia.FPK,cat_relics.dds
categories,categories/cat_resources.png,128,128,pedia.FPK,cat_resources.dds
categories,categories/cat_rewards.png,128,128,pedia.FPK,cat_rewards.dds
categories,categories/cat_techs.png,128,128,pedia.FPK,cat_techs.dds
categories,categories/cat_terrains.png,128,128,pedia.FPK,cat_terrains.dds
categories,categories/cat_units.png,128,128,pedia.FPK,cat_units.dds
categories,categories/cat_upgrades.png,128,128,pedia.FPK,cat_upgrades.dds
categories,categories/cat_wonders.png,128,128,pedia.FPK,cat_wonders.dds
civilizations,civilizations/civ_africa.png,128,128,pedia.FPK,civ_africa.dds
civilizations,civilizations/civ_america.png,128,128,pedia.FPK,civ_america.dds
civilizations,civilizations/civ_arabia.png,128,128,pedia.FPK,civ_arabia.dds
civilizations,civilizations/civ_aztec.png,128,128,pedia.FPK,civ_aztec.dds
civilizations,civilizations/civ_china.png,128,128,pedia.FPK,civ_china.dds
civilizations,civilizations/civ_egypt.png,128,128,pedia.FPK,civ_egypt.dds
civilizations,civilizations/civ_england.png,128,128,pedia.FPK,civ_england.dds
civilizations,civilizations/civ_france.png,128,128,pedia.FPK,civ_france.dds
civilizations,civilizations/civ_germany.png,128,128,pedia.FPK,civ_germany.dds
civilizations,civilizations/civ_greece.png,128,128,pedia.FPK,civ_greece.dds
civilizations,civilizations/civ_india.png,128,128,pedia.FPK,civ_india.dds
civilizations,civilizations/civ_japan.png,128,128,pedia.FPK,civ_japan.dds
civilizations,civilizations/civ_mongolia.png,128,128,pedia.FPK,civ_mongolia.dds
civilizations,civilizations/civ_rome.png,128,128,pedia.FPK,civ_rome.dds
civilizations,civilizations/civ_russia.png,128,128,pedia.FPK,civ_russia.dds
civilizations,civilizations/civ_spain.png,128,128,pedia.FPK,civ_spain.dds
civilizations,civilizations/civ_barbairan.png,128,128,Pregame.FPK,civ_barbairan.dds
civilizations,civilizations/civ_random.png,128,128,Pregame.FPK,civ_random.dds
concepts,concepts/con_cities.png,128,128,pedia.FPK,con_cities.dds
concepts,concepts/con_civilizations.png,128,128,pedia.FPK,con_civilizations.dds
concepts,concepts/con_combat.png,128,128,pedia.FPK,con_combat.dds
concepts,concepts/con_culture.png,128,128,pedia.FPK,con_culture.dds
concepts,concepts/con_diplomacy.png,128,128,pedia.FPK,con_diplomacy.dds
concepts,concepts/con_government.png,128,128,pedia.FPK,con_government.dds
concepts,concepts/con_greatpeople.png,128,128,pedia.FPK,con_greatpeople.dds
concepts,concepts/con_hoa_throne.png,128,128,pedia.FPK,con_hoa_throne.dds
concepts,concepts/con_interface.png,128,128,pedia.FPK,con_interface.dds
concepts,concepts/con_technology.png,128,128,pedia.FPK,con_technology.dds
concepts,concepts/con_units.png,128,128,pedia.FPK,con_units.dds
concepts,concepts/con_victory.png,128,128,pedia.FPK,con_victory.dds
concepts,concepts/con_wealth.png,128,128,pedia.FPK,con_wealth.dds
concepts,concepts/con_wonders.png,128,128,pedia.FPK,con_wonders.dds
concepts,concepts/con_world.png,128,128,pedia.FPK,con_world.dds
controller_glyphs,controller_glyphs/analogl3.png,64,64,Common0.FPK,analogl3.dds
controller_glyphs,controller_glyphs/analogr3.png,64,64,Common0.FPK,analogr3.dds
controller_glyphs,controller_glyphs/a.png,64,64,Pregame.FPK,a.dds
controller_glyphs,controller_glyphs/b.png,64,64,Pregame.FPK,b.dds
controller_glyphs,controller_glyphs/backbutton.png,64,64,Pregame.FPK,backbutton.dds
controller_glyphs,controller_glyphs/ddown.png,64,64,Pregame.FPK,ddown.dds
controller_glyphs,controller_glyphs/dleft.png,64,64,Pregame.FPK,dleft.dds
controller_glyphs,controller_glyphs/dpad.png,64,64,Pregame.FPK,dpad.dds
controller_glyphs,controller_glyphs/dright.png,64,64,Pregame.FPK,dright.dds
controller_glyphs,controller_glyphs/dup.png,64,64,Pregame.FPK,dup.dds
controller_glyphs,controller_glyphs/l3.png,64,64,Pregame.FPK,l3.dds
controller_glyphs,controller_glyphs/lb.png,128,64,Pregame.FPK,lb.dds
controller_glyphs,controller_glyphs/ls.png,64,64,Pregame.FPK,ls.dds
controller_glyphs,controller_glyphs/lt.png,64,128,Pregame.FPK,lt.dds
controller_glyphs,controller_glyphs/ps3circle.png,64,64,Pregame.FPK,ps3circle.dds
controller_glyphs,controller_glyphs/ps3dleft.png,64,64,Pregame.FPK,ps3dleft.dds
controller_glyphs,controller_glyphs/ps3dpad.png,64,64,Pregame.FPK,ps3dpad.dds
controller_glyphs,controller_glyphs/ps3dright.png,64,64,Pregame.FPK,ps3dright.dds
controller_glyphs,controller_glyphs/ps3dup.png,64,64,Pregame.FPK,ps3dup.dds
controller_glyphs,controller_glyphs/ps3horizontal.png,64,64,Pregame.FPK,ps3horizontal.dds
controller_glyphs,controller_glyphs/ps3l1.png,64,64,Pregame.FPK,ps3l1.dds
controller_glyphs,controller_glyphs/ps3l2.png,64,64,Pregame.FPK,ps3l2.dds
controller_glyphs,controller_glyphs/ps3l3.png,64,64,Pregame.FPK,ps3l3.dds
controller_glyphs,controller_glyphs/ps3ls.png,64,64,Pregame.FPK,ps3ls.dds
controller_glyphs,controller_glyphs/ps3r1.png,64,64,Pregame.FPK,ps3r1.dds
controller_glyphs,controller_glyphs/ps3r2.png,64,64,Pregame.FPK,ps3r2.dds
controller_glyphs,controller_glyphs/ps3r3.png,64,64,Pregame.FPK,ps3r3.dds
controller_glyphs,controller_glyphs/ps3rs.png,64,64,Pregame.FPK,ps3rs.dds
controller_glyphs,controller_glyphs/ps3select.png,64,64,Pregame.FPK,ps3select.dds
controller_glyphs,controller_glyphs/ps3square.png,64,64,Pregame.FPK,ps3square.dds
controller_glyphs,controller_glyphs/ps3start.png,64,64,Pregame.FPK,ps3start.dds
controller_glyphs,controller_glyphs/ps3triangle.png,64,64,Pregame.FPK,ps3triangle.dds
controller_glyphs,controller_glyphs/ps3vertical.png,64,64,Pregame.FPK,ps3vertical.dds
controller_glyphs,controller_glyphs/ps3x.png,64,64,Pregame.FPK,ps3x.dds
controller_glyphs,controller_glyphs/r3.png,64,64,Pregame.FPK,r3.dds
controller_glyphs,controller_glyphs/rb.png,128,64,Pregame.FPK,rb.dds
controller_glyphs,controller_glyphs/rs.png,64,64,Pregame.FPK,rs.dds
controller_glyphs,controller_glyphs/rt.png,64,128,Pregame.FPK,rt.dds
controller_glyphs,controller_glyphs/startbutton.png,64,64,Pregame.FPK,startbutton.dds
controller_glyphs,controller_glyphs/x.png,64,64,Pregame.FPK,x.dds
controller_glyphs,controller_glyphs/y.png,64,64,Pregame.FPK,y.dds
cursor_actions,cursor_actions/curs_border_ring.png,128,128,Common0.FPK,curs_border_ring.dds
cursor_actions,cursor_actions/curs_combat_swords.png,128,128,Common0.FPK,curs_combat_swords.dds
cursor_actions,cursor_actions/curs_goodie_ring.png,128,128,Common0.FPK,curs_goodie_ring.dds
cursor_actions,cursor_actions/curs_goodie_smile.png,128,128,Common0.FPK,curs_goodie_smile.dds
cursor_actions,cursor_actions/curs_load_arrow.png,128,128,Common0.FPK,curs_load_arrow.dds
cursor_actions,cursor_actions/curs_load_boat.png,128,128,Common0.FPK,curs_load_boat.dds
cursor_actions,cursor_actions/curs_load_box.png,64,64,Common0.FPK,curs_load_box.dds
cursor_actions,cursor_actions/curs_load_trim.png,128,128,Common0.FPK,curs_load_trim.dds
cursor_actions,cursor_actions/curs_load_water.png,128,128,Common0.FPK,curs_load_water.dds
cursor_actions,cursor_actions/curs_load_waves.png,128,128,Common0.FPK,curs_load_waves.dds
cursor_actions,cursor_actions/curs_nuke_target_red.png,128,128,Common0.FPK,curs_nuke_target_red.dds
cursor_actions,cursor_actions/curs_unload_arrow.png,128,128,Common0.FPK,curs_unload_arrow.dds
cursor_actions,cursor_actions/curs_unload_boat.png,128,128,Common0.FPK,curs_unload_boat.dds
cursor_actions,cursor_actions/curs_unload_water.png,128,128,Common0.FPK,curs_unload_water.dds
cursor_actions,cursor_actions/curs_activate_grey.png,128,128,Level.FPK,curs_activate_grey.dds
cursor_actions,cursor_actions/curs_activate.png,128,128,Level.FPK,curs_activate.dds
cursor_actions,cursor_actions/curs_border_vol.png,128,128,Level.FPK,curs_border_vol.dds
cursor_actions,cursor_actions/curs_border_yellow.png,128,128,Level.FPK,curs_border_yellow.dds
cursor_actions,cursor_actions/curs_capture_sides.png,128,64,Level.FPK,curs_capture_sides.dds
cursor_actions,cursor_actions/curs_combat_3swords.png,128,128,Level.FPK,curs_combat_3swords.dds
cursor_actions,cursor_actions/curs_combat_center.png,128,128,Level.FPK,curs_combat_center.dds
cursor_actions,cursor_actions/curs_diplomacy.png,128,128,Level.FPK,curs_diplomacy.dds
cursor_actions,cursor_actions/curs_espionage_act.png,128,128,Level.FPK,curs_espionage_act.dds
cursor_actions,cursor_actions/curs_goodie.png,128,128,Level.FPK,curs_goodie.dds
cursor_actions,cursor_actions/curs_goto.png,128,128,Level.FPK,curs_goto.dds
cursor_actions,cursor_actions/curs_invalid_ring.png,128,128,Level.FPK,curs_invalid_ring.dds
cursor_actions,cursor_actions/curs_invalid_x.png,128,128,Level.FPK,curs_invalid_x.dds
cursor_actions,cursor_actions/curs_load_point.png,128,128,Level.FPK,curs_load_point.dds
cursor_actions,cursor_actions/curs_load_ramp.png,128,128,Level.FPK,curs_load_ramp.dds
cursor_actions,cursor_actions/curs_nuke_negative.png,128,128,Level.FPK,curs_nuke_negative.dds
cursor_actions,cursor_actions/curs_nuke_symbol.png,128,128,Level.FPK,curs_nuke_symbol.dds
cursor_actions,cursor_actions/curs_nuke_target.png,128,128,Level.FPK,curs_nuke_target.dds
cursor_actions,cursor_actions/curs_selection_activate.png,128,128,Level.FPK,curs_selection_activate.dds
cursor_actions,cursor_actions/curs_selection_choose.png,128,128,Level.FPK,curs_selection_choose.dds
cursor_actions,cursor_actions/curs_selection_grey.png,128,128,Level.FPK,curs_selection_grey.dds
cursor_actions,cursor_actions/curs_selection_ring.png,128,128,Level.FPK,curs_selection_ring.dds
cursor_actions,cursor_actions/curs_unknown_mark.png,128,128,Level.FPK,curs_unknown_mark.dds
cursor_actions,cursor_actions/curs_unknown_ring.png,128,128,Level.FPK,curs_unknown_ring.dds
cursor_actions,cursor_actions/curs_unload_point.png,128,128,Level.FPK,curs_unload_point.dds
cursor_actions,cursor_actions/curs_unload_ramp.png,128,128,Level.FPK,curs_unload_ramp.dds
cursor_actions,cursor_actions/curs_worker_bg.png,128,128,Level.FPK,curs_worker_bg.dds
cursor_actions,cursor_actions/curs_worker_inactivate.png,128,128,Level.FPK,curs_worker_inactivate.dds
cursor_actions,cursor_actions/curs_worker_select.png,128,128,Level.FPK,curs_worker_select.dds
cursor_actions,cursor_actions/curs_worker_x.png,128,128,Level.FPK,curs_worker_x.dds
embedded_swf,embedded_swf/common0_gfx_groundarrow/character_0001.png,256,256,Common0.FPK,gfx_groundarrow.swf#character_1
embedded_swf,embedded_swf/common0_gfx_leaderboardlistbox/character_0001.png,1024,768,Common0.FPK,gfx_leaderboardlistbox.swf#character_1
embedded_swf,embedded_swf/common0_gfx_leaderboardprofilebased_new/character_0001.png,1024,768,Common0.FPK,gfx_leaderboardprofilebased_new.swf#character_1
embedded_swf,embedded_swf/common0_gfx_leaderboardtrueskill_new/character_0001.png,1024,768,Common0.FPK,gfx_leaderboardtrueskill_new.swf#character_1
embedded_swf,embedded_swf/common0_gfx_leaderheadtest/character_0001.png,629,793,Common0.FPK,gfx_leaderheadtest.swf#character_1
embedded_swf,embedded_swf/common0_gfx_loadgame/character_0011.png,90,113,Common0.FPK,gfx_loadgame.swf#character_11
embedded_swf,embedded_swf/common0_gfx_loadgame/character_0013.png,90,113,Common0.FPK,gfx_loadgame.swf#character_13
embedded_swf,embedded_swf/common0_gfx_loadgame/character_0015.png,90,113,Common0.FPK,gfx_loadgame.swf#character_15
embedded_swf,embedded_swf/common0_gfx_loadgame/character_0017.png,90,113,Common0.FPK,gfx_loadgame.swf#character_17
embedded_swf,embedded_swf/common0_gfx_loadgame/character_0019.png,90,113,Common0.FPK,gfx_loadgame.swf#character_19
embedded_swf,embedded_swf/common0_gfx_loadgame/character_0021.png,90,113,Common0.FPK,gfx_loadgame.swf#character_21
embedded_swf,embedded_swf/common0_gfx_loadgame/character_0023.png,90,113,Common0.FPK,gfx_loadgame.swf#character_23
embedded_swf,embedded_swf/common0_gfx_loadgame/character_0025.png,90,113,Common0.FPK,gfx_loadgame.swf#character_25
embedded_swf,embedded_swf/common0_gfx_loadgame/character_0027.png,90,113,Common0.FPK,gfx_loadgame.swf#character_27
embedded_swf,embedded_swf/common0_gfx_loadgame/character_0029.png,90,113,Common0.FPK,gfx_loadgame.swf#character_29
embedded_swf,embedded_swf/common0_gfx_loadgame/character_0031.png,90,113,Common0.FPK,gfx_loadgame.swf#character_31
embedded_swf,embedded_swf/common0_gfx_loadgame/character_0033.png,90,113,Common0.FPK,gfx_loadgame.swf#character_33
embedded_swf,embedded_swf/common0_gfx_loadgame/character_0035.png,90,113,Common0.FPK,gfx_loadgame.swf#character_35
embedded_swf,embedded_swf/common0_gfx_loadgame/character_0037.png,90,113,Common0.FPK,gfx_loadgame.swf#character_37
embedded_swf,embedded_swf/common0_gfx_loadgame/character_0009.png,90,113,Common0.FPK,gfx_loadgame.swf#character_9
embedded_swf,embedded_swf/common0_gfx_overlayicon/character_0001.png,256,256,Common0.FPK,gfx_overlayicon.swf#character_1
embedded_swf,embedded_swf/common0_gfx_overlayicon/character_0010.png,256,256,Common0.FPK,gfx_overlayicon.swf#character_10
embedded_swf,embedded_swf/common0_gfx_overlayicon/character_0014.png,256,256,Common0.FPK,gfx_overlayicon.swf#character_14
embedded_swf,embedded_swf/common0_gfx_overlayicon/character_0016.png,256,256,Common0.FPK,gfx_overlayicon.swf#character_16
embedded_swf,embedded_swf/common0_gfx_overlayicon/character_0003.png,256,256,Common0.FPK,gfx_overlayicon.swf#character_3
embedded_swf,embedded_swf/common0_gfx_overlayicon/character_0005.png,256,256,Common0.FPK,gfx_overlayicon.swf#character_5
embedded_swf,embedded_swf/common0_gfx_overlayicon/character_0007.png,256,256,Common0.FPK,gfx_overlayicon.swf#character_7
embedded_swf,embedded_swf/common0_gfx_worldchooser/character_0001.png,1280,720,Common0.FPK,gfx_worldchooser.swf#character_1
embedded_swf,embedded_swf/common0_gfx_worldchooser/character_0004.png,419,480,Common0.FPK,gfx_worldchooser.swf#character_4
entertainers,entertainers/tr_acrobat.png,128,128,pedia.FPK,tr_acrobat.dds
entertainers,entertainers/tr_contortionist.png,128,128,pedia.FPK,tr_contortionist.dds
entertainers,entertainers/tr_dancer.png,128,128,pedia.FPK,tr_dancer.dds
entertainers,entertainers/tr_dancingbear.png,128,128,pedia.FPK,tr_dancingbear.dds
entertainers,entertainers/tr_fortuneteller.png,128,128,pedia.FPK,tr_fortuneteller.dds
entertainers,entertainers/tr_juggler.png,128,128,pedia.FPK,tr_juggler.dds
entertainers,entertainers/tr_magician.png,128,128,pedia.FPK,tr_magician.dds
entertainers,entertainers/tr_pastry.png,128,128,pedia.FPK,tr_pastry.dds
entertainers,entertainers/tr_strongman.png,128,128,pedia.FPK,tr_strongman.dds
entertainers,entertainers/tr_tenor.png,128,128,pedia.FPK,tr_tenor.dds
governments,governments/gov_revolution.png,128,128,Common0.FPK,gov_revolution.dds
governments,governments/gov_communism.png,128,128,pedia.FPK,gov_communism.dds
governments,governments/gov_democracy.png,128,128,pedia.FPK,gov_democracy.dds
governments,governments/gov_despotism.png,128,128,pedia.FPK,gov_despotism.dds
governments,governments/gov_fundamentalism.png,128,128,pedia.FPK,gov_fundamentalism.dds
governments,governments/gov_monarchy.png,128,128,pedia.FPK,gov_monarchy.dds
governments,governments/gov_republic.png,128,128,pedia.FPK,gov_republic.dds
great_people,great_people/gp_dali.png,64,64,Common0.FPK,gp_dali.dds
great_people,great_people/gp_gagarin.png,64,64,Common0.FPK,gp_gagarin.dds
great_people,great_people/gp_king.png,64,64,Common0.FPK,gp_king.dds
great_people,great_people/gp_lindbergh.png,64,64,Common0.FPK,gp_lindbergh.dds
great_people,great_people/gp_lloydwright.png,64,64,Common0.FPK,gp_lloydwright.dds
great_people,great_people/gp_aesop.png,64,64,pedia.FPK,gp_aesop.dds
great_people,great_people/gp_agamemnon.png,64,64,pedia.FPK,gp_agamemnon.dds
great_people,great_people/gp_amundsen.png,64,64,pedia.FPK,gp_amundsen.dds
great_people,great_people/gp_archimedes.png,64,64,pedia.FPK,gp_archimedes.dds
great_people,great_people/gp_aristotle.png,64,64,pedia.FPK,gp_aristotle.dds
great_people,great_people/gp_babbage.png,64,64,pedia.FPK,gp_babbage.dds
great_people,great_people/gp_bach.png,64,64,pedia.FPK,gp_bach.dds
great_people,great_people/gp_becket.png,64,64,pedia.FPK,gp_becket.dds
great_people,great_people/gp_bell.png,64,64,pedia.FPK,gp_bell.dds
great_people,great_people/gp_cheops.png,64,64,pedia.FPK,gp_cheops.dds
great_people,great_people/gp_columbus.png,64,64,pedia.FPK,gp_columbus.dds
great_people,great_people/gp_confucius.png,64,64,pedia.FPK,gp_confucius.dds
great_people,great_people/gp_david.png,64,64,pedia.FPK,gp_david.dds
great_people,great_people/gp_davinci.png,64,64,pedia.FPK,gp_davinci.dds
great_people,great_people/gp_degama.png,64,64,pedia.FPK,gp_degama.dds
great_people,great_people/gp_dostoevsky.png,64,64,pedia.FPK,gp_dostoevsky.dds
great_people,great_people/gp_douglas.png,64,64,pedia.FPK,gp_douglas.dds
great_people,great_people/gp_edison.png,64,64,pedia.FPK,gp_edison.dds
great_people,great_people/gp_einstein.png,64,64,pedia.FPK,gp_einstein.dds
great_people,great_people/gp_fermi.png,64,64,pedia.FPK,gp_fermi.dds
great_people,great_people/gp_ford.png,64,64,pedia.FPK,gp_ford.dds
great_people,great_people/gp_gilgamesh.png,64,64,pedia.FPK,gp_gilgamesh.dds
great_people,great_people/gp_gutenberg.png,64,64,pedia.FPK,gp_gutenberg.dds
great_people,great_people/gp_hearst.png,64,64,pedia.FPK,gp_hearst.dds
great_people,great_people/gp_homer.png,64,64,pedia.FPK,gp_homer.dds
great_people,great_people/gp_imhotep.png,64,64,pedia.FPK,gp_imhotep.dds
great_people,great_people/gp_laotzu.png,64,64,pedia.FPK,gp_laotzu.dds
great_people,great_people/gp_lilienthal.png,64,64,pedia.FPK,gp_lilienthal.dds
great_people,great_people/gp_marconi.png,64,64,pedia.FPK,gp_marconi.dds
great_people,great_people/gp_mariecurie.png,64,64,pedia.FPK,gp_mariecurie.dds
great_people,great_people/gp_marx.png,64,64,pedia.FPK,gp_marx.dds
great_people,great_people/gp_nebuchadnezzar.png,64,64,pedia.FPK,gp_nebuchadnezzar.dds
great_people,great_people/gp_nightingale.png,64,64,pedia.FPK,gp_nightingale.dds
great_people,great_people/gp_plato.png,64,64,pedia.FPK,gp_plato.dds
great_people,great_people/gp_polo.png,64,64,pedia.FPK,gp_polo.dds
great_people,great_people/gp_pythagoras.png,64,64,pedia.FPK,gp_pythagoras.dds
great_people,great_people/gp_sargon.png,64,64,pedia.FPK,gp_sargon.dds
great_people,great_people/gp_schweitzer.png,64,64,pedia.FPK,gp_schweitzer.dds
great_people,great_people/gp_solomon.png,64,64,pedia.FPK,gp_solomon.dds
great_people,great_people/gp_sophocles.png,64,64,pedia.FPK,gp_sophocles.dds
great_people,great_people/gp_stephenson.png,64,64,pedia.FPK,gp_stephenson.dds
great_people,great_people/gp_stokowski.png,64,64,pedia.FPK,gp_stokowski.dds
great_people,great_people/gp_sultan.png,64,64,pedia.FPK,gp_sultan.dds
great_people,great_people/gp_watt.png,64,64,pedia.FPK,gp_watt.dds
great_people,great_people/gp_whitney.png,64,64,pedia.FPK,gp_whitney.dds
great_people,great_people/gp_wilburwright.png,64,64,pedia.FPK,gp_wilburwright.dds
great_people_portraits,great_people_portraits/port_aesop.png,256,256,Common0.FPK,port_aesop.png.dds
great_people_portraits,great_people_portraits/port_agamemnon.png,256,256,Common0.FPK,port_agamemnon.png.dds
great_people_portraits,great_people_portraits/port_amundsen.png,256,256,Common0.FPK,port_amundsen.png.dds
great_people_portraits,great_people_portraits/port_archimedes.png,256,256,Common0.FPK,port_archimedes.png.dds
great_people_portraits,great_people_portraits/port_aristotle.png,256,256,Common0.FPK,port_aristotle.png.dds
great_people_portraits,great_people_portraits/port_babbage.png,256,256,Common0.FPK,port_babbage.png.dds
great_people_portraits,great_people_portraits/port_bach.png,256,256,Common0.FPK,port_bach.png.dds
great_people_portraits,great_people_portraits/port_becket.png,256,256,Common0.FPK,port_becket.png.dds
great_people_portraits,great_people_portraits/port_cheops.png,256,256,Common0.FPK,port_cheops.png.dds
great_people_portraits,great_people_portraits/port_columbus.png,256,256,Common0.FPK,port_columbus.png.dds
great_people_portraits,great_people_portraits/port_confucius.png,256,256,Common0.FPK,port_confucius.png.dds
great_people_portraits,great_people_portraits/port_curie.png,256,256,Common0.FPK,port_curie.png.dds
great_people_portraits,great_people_portraits/port_dali.png,256,256,Common0.FPK,port_dali.png.dds
great_people_portraits,great_people_portraits/port_david.png,256,256,Common0.FPK,port_david.png.dds
great_people_portraits,great_people_portraits/port_davinci.png,256,256,Common0.FPK,port_davinci.png.dds
great_people_portraits,great_people_portraits/port_degama.png,512,1024,Common0.FPK,port_degama.png.dds
great_people_portraits,great_people_portraits/port_dostoevsky.png,256,256,Common0.FPK,port_dostoevsky.png.dds
great_people_portraits,great_people_portraits/port_douglass.png,256,256,Common0.FPK,port_douglass.png.dds
great_people_portraits,great_people_portraits/port_edison.png,256,256,Common0.FPK,port_edison.png.dds
great_people_portraits,great_people_portraits/port_einstein.png,256,256,Common0.FPK,port_einstein.png.dds
great_people_portraits,great_people_portraits/port_fermi.png,256,256,Common0.FPK,port_fermi.png.dds
great_people_portraits,great_people_portraits/port_ford.png,256,256,Common0.FPK,port_ford.png.dds
great_people_portraits,great_people_portraits/port_gilgamesh.png,256,256,Common0.FPK,port_gilgamesh.png.dds
great_people_portraits,great_people_portraits/port_grahambell.png,256,256,Common0.FPK,port_grahambell.png.dds
great_people_portraits,great_people_portraits/port_gutenberg.png,256,256,Common0.FPK,port_gutenberg.png.dds
great_people_portraits,great_people_portraits/port_hearst.png,256,256,Common0.FPK,port_hearst.png.dds
great_people_portraits,great_people_portraits/port_homer.png,256,256,Common0.FPK,port_homer.png.dds
great_people_portraits,great_people_portraits/port_imhotep.png,256,256,Common0.FPK,port_imhotep.png.dds
great_people_portraits,great_people_portraits/port_lilienthal.png,256,256,Common0.FPK,port_lilienthal.png.dds
great_people_portraits,great_people_portraits/port_lloydwright.png,256,256,Common0.FPK,port_lloydwright.png.dds
great_people_portraits,great_people_portraits/port_lutherking.png,256,256,Common0.FPK,port_lutherking.png.dds
great_people_portraits,great_people_portraits/port_marconi.png,256,256,Common0.FPK,port_marconi.png.dds
great_people_portraits,great_people_portraits/port_marx.png,256,256,Common0.FPK,port_marx.png.dds
great_people_portraits,great_people_portraits/port_nebuchadnezzar.png,256,256,Common0.FPK,port_nebuchadnezzar.png.dds
great_people_portraits,great_people_portraits/port_nightingale.png,256,256,Common0.FPK,port_nightingale.png.dds
great_people_portraits,great_people_portraits/port_plato.png,256,256,Common0.FPK,port_plato.png.dds
great_people_portraits,great_people_portraits/port_polo.png,256,256,Common0.FPK,port_polo.png.dds
great_people_portraits,great_people_portraits/port_pythagoras.png,256,256,Common0.FPK,port_pythagoras.png.dds
great_people_portraits,great_people_portraits/port_sargon.png,256,256,Common0.FPK,port_sargon.png.dds
great_people_portraits,great_people_portraits/port_schweitzer.png,256,256,Common0.FPK,port_schweitzer.png.dds
great_people_portraits,great_people_portraits/port_solomon.png,256,256,Common0.FPK,port_solomon.png.dds
great_people_portraits,great_people_portraits/port_sophocles.png,256,256,Common0.FPK,port_sophocles.png.dds
great_people_portraits,great_people_portraits/port_stephenson.png,256,256,Common0.FPK,port_stephenson.png.dds
great_people_portraits,great_people_portraits/port_stokowski.png,256,256,Common0.FPK,port_stokowski.png.dds
great_people_portraits,great_people_portraits/port_sultan.png,256,256,Common0.FPK,port_sultan.png.dds
great_people_portraits,great_people_portraits/port_tzu.png,256,256,Common0.FPK,port_tzu.png.dds
great_people_portraits,great_people_portraits/port_watt.png,256,256,Common0.FPK,port_watt.png.dds
great_people_portraits,great_people_portraits/port_whitney.png,256,256,Common0.FPK,port_whitney.png.dds
great_people_portraits,great_people_portraits/port_wright.png,256,256,Common0.FPK,port_wright.png.dds
leaders,leaders/ldr_barbarian.png,128,128,Common0.FPK,ldr_barbarian.dds
leaders,leaders/ldr_egypt2.png,128,128,Common0.FPK,ldr_egypt2.dds
leaders,leaders/default.png,128,128,pedia.FPK,default.dds
leaders,leaders/ldr_africa.png,128,128,pedia.FPK,ldr_africa.dds
leaders,leaders/ldr_america.png,128,128,pedia.FPK,ldr_america.dds
leaders,leaders/ldr_arabia.png,128,128,pedia.FPK,ldr_arabia.dds
leaders,leaders/ldr_aztecs.png,128,128,pedia.FPK,ldr_aztecs.dds
leaders,leaders/ldr_china.png,128,128,pedia.FPK,ldr_china.dds
leaders,leaders/ldr_egypt.png,128,128,pedia.FPK,ldr_egypt.dds
leaders,leaders/ldr_england.png,128,128,pedia.FPK,ldr_england.dds
leaders,leaders/ldr_france.png,128,128,pedia.FPK,ldr_france.dds
leaders,leaders/ldr_germany.png,128,128,pedia.FPK,ldr_germany.dds
leaders,leaders/ldr_greece.png,128,128,pedia.FPK,ldr_greece.dds
leaders,leaders/ldr_india.png,128,128,pedia.FPK,ldr_india.dds
leaders,leaders/ldr_japan.png,128,128,pedia.FPK,ldr_japan.dds
leaders,leaders/ldr_mongol.png,128,128,pedia.FPK,ldr_mongol.dds
leaders,leaders/ldr_rome.png,128,128,pedia.FPK,ldr_rome.dds
leaders,leaders/ldr_russia.png,128,128,pedia.FPK,ldr_russia.dds
leaders,leaders/ldr_spain.png,128,128,pedia.FPK,ldr_spain.dds
leaders,leaders/ldr_default.png,128,128,Pregame.FPK,ldr_default.dds
leaders_large,leaders_large/ldr_lrg_barbarian.png,512,512,Common0.FPK,ldr_lrg_barbarian.dds
leaders_large,leaders_large/ldr_lrg_africa.png,385,351,Pregame.FPK,ldr_lrg_africa.dds
leaders_large,leaders_large/ldr_lrg_america.png,300,296,Pregame.FPK,ldr_lrg_america.dds
leaders_large,leaders_large/ldr_lrg_arabia.png,340,352,Pregame.FPK,ldr_lrg_arabia.dds
leaders_large,leaders_large/ldr_lrg_aztecs.png,332,352,Pregame.FPK,ldr_lrg_aztecs.dds
leaders_large,leaders_large/ldr_lrg_china.png,272,288,Pregame.FPK,ldr_lrg_china.dds
leaders_large,leaders_large/ldr_lrg_default.png,360,304,Pregame.FPK,ldr_lrg_default.dds
leaders_large,leaders_large/ldr_lrg_egypt.png,232,284,Pregame.FPK,ldr_lrg_egypt.dds
leaders_large,leaders_large/ldr_lrg_england.png,440,349,Pregame.FPK,ldr_lrg_england.dds
leaders_large,leaders_large/ldr_lrg_france.png,288,248,Pregame.FPK,ldr_lrg_france.dds
leaders_large,leaders_large/ldr_lrg_germany.png,420,312,Pregame.FPK,ldr_lrg_germany.dds
leaders_large,leaders_large/ldr_lrg_greece.png,360,304,Pregame.FPK,ldr_lrg_greece.dds
leaders_large,leaders_large/ldr_lrg_india.png,236,264,Pregame.FPK,ldr_lrg_india.dds
leaders_large,leaders_large/ldr_lrg_japan.png,340,344,Pregame.FPK,ldr_lrg_japan.dds
leaders_large,leaders_large/ldr_lrg_mongol.png,408,352,Pregame.FPK,ldr_lrg_mongol.dds
leaders_large,leaders_large/ldr_lrg_rome.png,380,300,Pregame.FPK,ldr_lrg_rome.dds
leaders_large,leaders_large/ldr_lrg_russia.png,236,292,Pregame.FPK,ldr_lrg_russia.dds
leaders_large,leaders_large/ldr_lrg_spain.png,281,332,Pregame.FPK,ldr_lrg_spain.dds
media_icons,media_icons/media_audio.png,128,128,Common0.FPK,media_audio.dds
media_icons,media_icons/media_film.png,128,128,Common0.FPK,media_film.dds
media_icons,media_icons/media_live.png,128,128,Common0.FPK,media_live.dds
media_icons,media_icons/media_photo.png,128,128,Common0.FPK,media_photo.dds
media_icons,media_icons/media_text.png,128,128,Common0.FPK,media_text.dds
misc,misc/diploicons_teamciv_0.png,64,64,Common0.FPK,diploicons_teamciv_0.dds
misc,misc/diploicons_teamciv_1.png,64,64,Common0.FPK,diploicons_teamciv_1.dds
misc,misc/diploicons_teamciv_2.png,64,64,Common0.FPK,diploicons_teamciv_2.dds
misc,misc/diploicons_timerbackgreen.png,64,64,Common0.FPK,diploicons_timerbackgreen.dds
misc,misc/gfx_ico_backcircle.png,128,128,Common0.FPK,gfx_ico_backcircle.dds
misc,misc/gfx_ico_buildbonus.png,64,64,Common0.FPK,gfx_ico_buildbonus.dds
misc,misc/gfx_ico_happy.png,64,64,Common0.FPK,gfx_ico_happy.dds
misc,misc/gfx_ico_trade.png,64,64,Common0.FPK,gfx_ico_trade.dds
misc,misc/gfx_techtree_lockicon.png,64,64,Common0.FPK,gfx_techtree_lockicon.dds
misc,misc/gray_buildcity_icon.png,128,128,Common0.FPK,gray_buildcity_icon.dds
misc,misc/gray_happiness_icon.png,128,128,Common0.FPK,gray_happiness_icon.dds
misc,misc/hud_ico_gold.png,128,128,Common0.FPK,hud_ico_gold.dds
misc,misc/hud_ico_happiness.png,32,32,Common0.FPK,hud_ico_happiness.png.dds
misc,misc/hud_ico_science.png,128,128,Common0.FPK,hud_ico_science.dds
misc,misc/ico_food.png,64,64,Common0.FPK,ico_food.png.dds
misc,misc/ico_gold.png,64,64,Common0.FPK,ico_gold.png.dds
misc,misc/ico_happiness.png,64,64,Common0.FPK,ico_happiness.png.dds
misc,misc/ico_science.png,64,64,Common0.FPK,ico_science.png.dds
misc,misc/ico_trade_sm.png,32,32,Common0.FPK,ico_trade_sm.png.dds
misc,misc/ico_trade.png,64,64,Common0.FPK,ico_trade.png.dds
misc,misc/multiicons_joystick.png,64,64,Common0.FPK,multiicons_joystick.dds
misc,misc/multiicons_linked.png,64,64,Common0.FPK,multiicons_linked.dds
misc,misc/multiicons_rank.png,64,64,Common0.FPK,multiicons_rank.dds
misc,misc/multiicons_world.png,64,64,Common0.FPK,multiicons_world.dds
misc,misc/pediaicons_books.png,128,128,Common0.FPK,pediaicons_books.dds
misc,misc/pediaicons_dude.png,128,128,Common0.FPK,pediaicons_dude.dds
misc,misc/pediaicons_fun.png,128,128,Common0.FPK,pediaicons_fun.dds
misc,misc/pediaicons_links.png,128,128,Common0.FPK,pediaicons_links.dds
misc,misc/pediaicons_movie.png,128,128,Common0.FPK,pediaicons_movie.dds
misc,misc/pediaicons_pic.png,128,128,Common0.FPK,pediaicons_pic.dds
misc,misc/pediaicons_strat.png,128,128,Common0.FPK,pediaicons_strat.dds
misc,misc/res_buildcity_icon.png,128,128,Common0.FPK,res_buildcity_icon.dds
misc,misc/res_happiness_icon.png,128,128,Common0.FPK,res_happiness_icon.dds
misc,misc/yield_icons_3d.png,256,128,Common0.FPK,yield_icons_3d.dds
misc,misc/curs_caravan_icon.png,128,128,Level.FPK,curs_caravan_icon.dds
misc,misc/curs_espionage_icon.png,128,128,Level.FPK,curs_espionage_icon.dds
misc,misc/diploicons_computer.png,64,64,Level.FPK,diploicons_computer.dds
misc,misc/diploicons_culture.png,64,64,Level.FPK,diploicons_culture.dds
misc,misc/diploicons_culturegold.png,64,64,Level.FPK,diploicons_culturegold.dds
misc,misc/diploicons_domination.png,64,64,Level.FPK,diploicons_domination.dds
misc,misc/diploicons_dominationgold.png,64,64,Level.FPK,diploicons_dominationgold.dds
misc,misc/diploicons_money.png,64,64,Level.FPK,diploicons_money.dds
misc,misc/diploicons_moneygold.png,64,64,Level.FPK,diploicons_moneygold.dds
misc,misc/diploicons_peace.png,64,64,Level.FPK,diploicons_peace.dds
misc,misc/diploicons_soloblue.png,64,64,Level.FPK,diploicons_soloblue.dds
misc,misc/diploicons_soloyellow.png,64,64,Level.FPK,diploicons_soloyellow.dds
misc,misc/diploicons_speakerblue.png,64,64,Level.FPK,diploicons_speakerblue.dds
misc,misc/diploicons_speakerred.png,64,64,Level.FPK,diploicons_speakerred.dds
misc,misc/diploicons_speakeryellow.png,64,64,Level.FPK,diploicons_speakeryellow.dds
misc,misc/diploicons_teamciv.png,64,64,Level.FPK,diploicons_teamciv.dds
misc,misc/diploicons_tech.png,64,64,Level.FPK,diploicons_tech.dds
misc,misc/diploicons_techgold.png,64,64,Level.FPK,diploicons_techgold.dds
misc,misc/diploicons_timerback.png,64,64,Level.FPK,diploicons_timerback.dds
misc,misc/diploicons_timerbackblue.png,64,64,Level.FPK,diploicons_timerbackblue.dds
misc,misc/diploicons_timerbackred.png,64,64,Level.FPK,diploicons_timerbackred.dds
misc,misc/diploicons_timerbackyellow.png,64,64,Level.FPK,diploicons_timerbackyellow.dds
misc,misc/diploicons_war.png,64,64,Level.FPK,diploicons_war.dds
misc,misc/gfx_cityscreen_cityiconrv.png,128,128,Level.FPK,gfx_cityscreen_cityiconrv.dds
misc,misc/gfx_ico_balance.png,64,64,Level.FPK,gfx_ico_balance.dds
misc,misc/gfx_ico_buildings.png,64,64,Level.FPK,gfx_ico_buildings.dds
misc,misc/gfx_ico_custom.png,64,64,Level.FPK,gfx_ico_custom.dds
misc,misc/gfx_ico_food.png,64,64,Level.FPK,gfx_ico_food.dds
misc,misc/gfx_ico_gold.png,64,64,Level.FPK,gfx_ico_gold.dds
misc,misc/gfx_ico_happiness.png,64,64,Level.FPK,gfx_ico_happiness.dds
misc,misc/gfx_ico_production.png,64,64,Level.FPK,gfx_ico_production.dds
misc,misc/gfx_ico_science.png,64,64,Level.FPK,gfx_ico_science.dds
misc,misc/gray_food_icon.png,128,128,Level.FPK,gray_food_icon.dds
misc,misc/gray_gold_icon.png,128,128,Level.FPK,gray_gold_icon.dds
misc,misc/gray_production_icon.png,128,128,Level.FPK,gray_production_icon.dds
misc,misc/gray_research_icon.png,128,128,Level.FPK,gray_research_icon.dds
misc,misc/gray_trade_icon.png,128,128,Level.FPK,gray_trade_icon.dds
misc,misc/ico_happiness_lg.png,64,64,Level.FPK,ico_happiness_lg.png.dds
misc,misc/res_food_icon.png,128,128,Level.FPK,res_food_icon.dds
misc,misc/res_gold_icon.png,128,128,Level.FPK,res_gold_icon.dds
misc,misc/res_production_icon.png,128,128,Level.FPK,res_production_icon.dds
misc,misc/res_research_icon.png,128,128,Level.FPK,res_research_icon.dds
misc,misc/res_trade_icon.png,128,128,Level.FPK,res_trade_icon.dds
misc,misc/workersicon.png,32,32,Level.FPK,workersicon.dds
misc,misc/ico_production.png,64,64,pedia.FPK,ico_production.png.dds
misc,misc/gfx_chooseciv_lockicon.png,64,64,Pregame.FPK,gfx_chooseciv_lockicon.dds
nation_symbols,nation_symbols/civ_symbols_african.png,64,64,Common0.FPK,civ_symbols_african.dds
nation_symbols,nation_symbols/civ_symbols_american.png,64,64,Common0.FPK,civ_symbols_american.dds
nation_symbols,nation_symbols/civ_symbols_arabian.png,64,64,Common0.FPK,civ_symbols_arabian.dds
nation_symbols,nation_symbols/civ_symbols_aztek.png,64,64,Common0.FPK,civ_symbols_aztek.dds
nation_symbols,nation_symbols/civ_symbols_chinese.png,64,64,Common0.FPK,civ_symbols_chinese.dds
nation_symbols,nation_symbols/civ_symbols_egyptian.png,64,64,Common0.FPK,civ_symbols_egyptian.dds
nation_symbols,nation_symbols/civ_symbols_english.png,64,64,Common0.FPK,civ_symbols_english.dds
nation_symbols,nation_symbols/civ_symbols_french.png,64,64,Common0.FPK,civ_symbols_french.dds
nation_symbols,nation_symbols/civ_symbols_german.png,64,64,Common0.FPK,civ_symbols_german.dds
nation_symbols,nation_symbols/civ_symbols_greek.png,64,64,Common0.FPK,civ_symbols_greek.dds
nation_symbols,nation_symbols/civ_symbols_indian.png,64,64,Common0.FPK,civ_symbols_indian.dds
nation_symbols,nation_symbols/civ_symbols_japanese.png,64,64,Common0.FPK,civ_symbols_japanese.dds
nation_symbols,nation_symbols/civ_symbols_mongolian.png,64,64,Common0.FPK,civ_symbols_mongolian.dds
nation_symbols,nation_symbols/civ_symbols_roman.png,64,64,Common0.FPK,civ_symbols_roman.dds
nation_symbols,nation_symbols/civ_symbols_russian.png,64,64,Common0.FPK,civ_symbols_russian.dds
nation_symbols,nation_symbols/civ_symbols_spanish.png,64,64,Common0.FPK,civ_symbols_spanish.dds
nation_symbols,nation_symbols/civ_symbols_barbarian.png,64,64,Level.FPK,civ_symbols_barbarian.dds
pedia_art,pedia_art/1016746.png,1024,1024,pedia.FPK,1016746.dds
pedia_art,pedia_art/2903.png,1024,1024,pedia.FPK,2903.dds
pedia_art,pedia_art/433888.png,1024,1024,pedia.FPK,433888.dds
pedia_art,pedia_art/44275.png,1024,1024,pedia.FPK,44275.dds
pedia_art,pedia_art/611507.png,1024,1024,pedia.FPK,611507.dds
pedia_art,pedia_art/645733.png,1024,1024,pedia.FPK,645733.dds
pedia_art,pedia_art/664182.png,1024,1024,pedia.FPK,664182.dds
pedia_art,pedia_art/740010.png,1024,1024,pedia.FPK,740010.dds
pedia_art,pedia_art/963189.png,1024,1024,pedia.FPK,963189.dds
pedia_art,pedia_art/pedia_acrobats_1.png,1024,1024,pedia.FPK,pedia_acrobats_1.dds
pedia_art,pedia_art/pedia_advancedflight_1.png,1024,1024,pedia.FPK,pedia_advancedflight_1.dds
pedia_art,pedia_art/pedia_advancedtech_1.png,1024,1024,pedia.FPK,pedia_advancedtech_1.dds
pedia_art,pedia_art/pedia_aesop_1.png,1024,1024,pedia.FPK,pedia_aesop_1.dds
pedia_art,pedia_art/pedia_agamemnon_1.png,1024,1024,pedia.FPK,pedia_agamemnon_1.dds
pedia_art,pedia_art/pedia_alexander_1.png,1024,1024,pedia.FPK,pedia_alexander_1.dds
pedia_art,pedia_art/pedia_alphabet_1.png,1024,1024,pedia.FPK,pedia_alphabet_1.dds
pedia_art,pedia_art/pedia_aluminum_1.png,1024,1024,pedia.FPK,pedia_aluminum_1.dds
pedia_art,pedia_art/pedia_america_1.png,1024,1024,pedia.FPK,pedia_america_1.dds
pedia_art,pedia_art/pedia_amundsen_1.png,1024,1024,pedia.FPK,pedia_amundsen_1.dds
pedia_art,pedia_art/pedia_angkorwat_1.png,1024,1024,pedia.FPK,pedia_angkorwat_1.dds
pedia_art,pedia_art/pedia_apollo_1.png,1024,1024,pedia.FPK,pedia_apollo_1.dds
pedia_art,pedia_art/pedia_apollo_2.png,1024,1024,pedia.FPK,pedia_apollo_2.dds
pedia_art,pedia_art/pedia_aqueduct_1.png,1024,1024,pedia.FPK,pedia_aqueduct_1.dds
pedia_art,pedia_art/pedia_arabia_1.png,1024,1024,pedia.FPK,pedia_arabia_1.dds
pedia_art,pedia_art/pedia_arabia_2.png,1024,1024,pedia.FPK,pedia_arabia_2.dds
pedia_art,pedia_art/pedia_archimedes_1.png,1024,1024,pedia.FPK,pedia_archimedes_1.dds
pedia_art,pedia_art/pedia_aristotle_1.png,1024,1024,pedia.FPK,pedia_aristotle_1.dds
pedia_art,pedia_art/pedia_arkofcovenant_1.png,1024,1024,pedia.FPK,pedia_arkofcovenant_1.dds
pedia_art,pedia_art/pedia_artillery_1.png,1024,1024,pedia.FPK,pedia_artillery_1.dds
pedia_art,pedia_art/pedia_artist_1.png,1024,1024,pedia.FPK,pedia_artist_1.dds
pedia_art,pedia_art/pedia_artist_2.png,1024,1024,pedia.FPK,pedia_artist_2.dds
pedia_art,pedia_art/pedia_atomictheory_1.png,1024,1024,pedia.FPK,pedia_atomictheory_1.dds
pedia_art,pedia_art/pedia_automobile_1.png,1024,1024,pedia.FPK,pedia_automobile_1.dds
pedia_art,pedia_art/pedia_aztec_1.png,1024,1024,pedia.FPK,pedia_aztec_1.dds
pedia_art,pedia_art/pedia_aztec_2.png,1024,1024,pedia.FPK,pedia_aztec_2.dds
pedia_art,pedia_art/pedia_babel_1.png,1024,1024,pedia.FPK,pedia_babel_1.dds
pedia_art,pedia_art/pedia_bach_1.png,1024,1024,pedia.FPK,pedia_bach_1.dds
pedia_art,pedia_art/pedia_bank_1.png,1024,1024,pedia.FPK,pedia_bank_1.dds
pedia_art,pedia_art/pedia_barracks_1.png,1024,1024,pedia.FPK,pedia_barracks_1.dds
pedia_art,pedia_art/pedia_battleship_1.png,1024,1024,pedia.FPK,pedia_battleship_1.dds
pedia_art,pedia_art/pedia_battleship_2.png,1024,1024,pedia.FPK,pedia_battleship_2.dds
pedia_art,pedia_art/pedia_becket_1.png,1024,1024,pedia.FPK,pedia_becket_1.dds
pedia_art,pedia_art/pedia_bell_1.png,1024,1024,pedia.FPK,pedia_bell_1.dds
pedia_art,pedia_art/pedia_bismarck_1.png,1024,1024,pedia.FPK,pedia_bismarck_1.dds
pedia_art,pedia_art/pedia_bomber_1.png,1024,1024,pedia.FPK,pedia_bomber_1.dds
pedia_art,pedia_art/pedia_bomber_2.png,1024,1024,pedia.FPK,pedia_bomber_2.dds
pedia_art,pedia_art/pedia_bronzeworking_1.png,1024,1024,pedia.FPK,pedia_bronzeworking_1.dds
pedia_art,pedia_art/pedia_builder_1.png,1024,1024,pedia.FPK,pedia_builder_1.dds
pedia_art,pedia_art/pedia_caesar_1.png,1024,1024,pedia.FPK,pedia_caesar_1.dds
pedia_art,pedia_art/pedia_camelot_1.png,1024,1024,pedia.FPK,pedia_camelot_1.dds
pedia_art,pedia_art/pedia_cannon_1.png,1024,1024,pedia.FPK,pedia_cannon_1.dds
pedia_art,pedia_art/pedia_caravan_1.png,1024,1024,pedia.FPK,pedia_caravan_1.dds
pedia_art,pedia_art/pedia_caravan_2.png,1024,1024,pedia.FPK,pedia_caravan_2.dds
pedia_art,pedia_art/pedia_catapult_1.png,1024,1024,pedia.FPK,pedia_catapult_1.dds
pedia_art,pedia_art/pedia_cathedral_1.png,1024,1024,pedia.FPK,pedia_cathedral_1.dds
pedia_art,pedia_art/pedia_catherine_1.png,1024,1024,pedia.FPK,pedia_catherine_1.dds
pedia_art,pedia_art/pedia_catherine_2.png,1024,1024,pedia.FPK,pedia_catherine_2.dds
pedia_art,pedia_art/pedia_cattle_1.png,1024,1024,pedia.FPK,pedia_cattle_1.dds
pedia_art,pedia_art/pedia_ceremonialburial_1.png,1024,1024,pedia.FPK,pedia_ceremonialburial_1.dds
pedia_art,pedia_art/pedia_cheops_1.png,1024,1024,pedia.FPK,pedia_cheops_1.dds
pedia_art,pedia_art/pedia_china_1.png,1024,1024,pedia.FPK,pedia_china_1.dds
pedia_art,pedia_art/pedia_china_2.png,1024,1024,pedia.FPK,pedia_china_2.dds
pedia_art,pedia_art/pedia_cleopatra_1.png,1024,1024,pedia.FPK,pedia_cleopatra_1.dds
pedia_art,pedia_art/pedia_cleopatra_2.png,1024,1024,pedia.FPK,pedia_cleopatra_2.dds
pedia_art,pedia_art/pedia_coal_1.png,1024,1024,pedia.FPK,pedia_coal_1.dds
pedia_art,pedia_art/pedia_codeoflaws_1.png,1024,1024,pedia.FPK,pedia_codeoflaws_1.dds
pedia_art,pedia_art/pedia_colosseum_1.png,1024,1024,pedia.FPK,pedia_colosseum_1.dds
pedia_art,pedia_art/pedia_colossus_1.png,1024,1024,pedia.FPK,pedia_colossus_1.dds
pedia_art,pedia_art/pedia_columbus_1.png,1024,1024,pedia.FPK,pedia_columbus_1.dds
pedia_art,pedia_art/pedia_combustion_1.png,1024,1024,pedia.FPK,pedia_combustion_1.dds
pedia_art,pedia_art/pedia_communism_1.png,1024,1024,pedia.FPK,pedia_communism_1.dds
pedia_art,pedia_art/pedia_communismgov_1.png,1024,1024,pedia.FPK,pedia_communismgov_1.dds
pedia_art,pedia_art/pedia_confucius_1.png,1024,1024,pedia.FPK,pedia_confucius_1.dds
pedia_art,pedia_art/pedia_construction_1.png,1024,1024,pedia.FPK,pedia_construction_1.dds
pedia_art,pedia_art/pedia_contortionists_1.png,1024,1024,pedia.FPK,pedia_contortionists_1.dds
pedia_art,pedia_art/pedia_corporation_1.png,1024,1024,pedia.FPK,pedia_corporation_1.dds
pedia_art,pedia_art/pedia_courthouse_1.png,1024,1024,pedia.FPK,pedia_courthouse_1.dds
pedia_art,pedia_art/pedia_cristo_1.png,1024,1024,pedia.FPK,pedia_cristo_1.dds
pedia_art,pedia_art/pedia_cruiser_1.png,1024,1024,pedia.FPK,pedia_cruiser_1.dds
pedia_art,pedia_art/pedia_cruiser_2.png,1024,1024,pedia.FPK,pedia_cruiser_2.dds
pedia_art,pedia_art/pedia_currency_1.png,1024,1024,pedia.FPK,pedia_currency_1.dds
pedia_art,pedia_art/pedia_dagama_1.png,1024,1024,pedia.FPK,pedia_dagama_1.dds
pedia_art,pedia_art/pedia_dali_1.png,1024,1024,pedia.FPK,pedia_dali_1.dds
pedia_art,pedia_art/pedia_dancingbears_1.png,1024,1024,pedia.FPK,pedia_dancingbears_1.dds
pedia_art,pedia_art/pedia_dancinggirls_1.png,1024,1024,pedia.FPK,pedia_dancinggirls_1.dds
pedia_art,pedia_art/pedia_david_1.png,1024,1024,pedia.FPK,pedia_david_1.dds
pedia_art,pedia_art/pedia_davinci_1.png,1024,1024,pedia.FPK,pedia_davinci_1.dds
pedia_art,pedia_art/pedia_democracy_1.png,1024,1024,pedia.FPK,pedia_democracy_1.dds
pedia_art,pedia_art/pedia_democracygov_1.png,1024,1024,pedia.FPK,pedia_democracygov_1.dds
pedia_art,pedia_art/pedia_desert_1.png,1024,1024,pedia.FPK,pedia_desert_1.dds
pedia_art,pedia_art/pedia_despotismgov_1.png,1024,1024,pedia.FPK,pedia_despotismgov_1.dds
pedia_art,pedia_art/pedia_douglass_1.png,1024,1024,pedia.FPK,pedia_douglass_1.dds
pedia_art,pedia_art/pedia_dye_1.png,1024,1024,pedia.FPK,pedia_dye_1.dds
pedia_art,pedia_art/pedia_eastindia_1.png,1024,1024,pedia.FPK,pedia_eastindia_1.dds
pedia_art,pedia_art/pedia_edison_1.png,1024,1024,pedia.FPK,pedia_edison_1.dds
pedia_art,pedia_art/pedia_edison_2.png,1024,1024,pedia.FPK,pedia_edison_2.dds
pedia_art,pedia_art/pedia_egypt_1.png,1024,1024,pedia.FPK,pedia_egypt_1.dds
pedia_art,pedia_art/pedia_egypt_2.png,1024,1024,pedia.FPK,pedia_egypt_2.dds
pedia_art,pedia_art/pedia_eiffel_1.png,1024,1024,pedia.FPK,pedia_eiffel_1.dds
pedia_art,pedia_art/pedia_einstein_1.png,1024,1024,pedia.FPK,pedia_einstein_1.dds
pedia_art,pedia_art/pedia_einstein_2.png,1024,1024,pedia.FPK,pedia_einstein_2.dds
pedia_art,pedia_art/pedia_electricity_1.png,1024,1024,pedia.FPK,pedia_electricity_1.dds
pedia_art,pedia_art/pedia_electronics_1.png,1024,1024,pedia.FPK,pedia_electronics_1.dds
pedia_art,pedia_art/pedia_elizabeth_1.png,1024,1024,pedia.FPK,pedia_elizabeth_1.dds
pedia_art,pedia_art/pedia_elizabeth_2.png,1024,1024,pedia.FPK,pedia_elizabeth_2.dds
pedia_art,pedia_art/pedia_engineer_1.png,1024,1024,pedia.FPK,pedia_engineer_1.dds
pedia_art,pedia_art/pedia_engineering_1.png,1024,1024,pedia.FPK,pedia_engineering_1.dds
pedia_art,pedia_art/pedia_england_1.png,1024,1024,pedia.FPK,pedia_england_1.dds
pedia_art,pedia_art/pedia_england_2.png,1024,1024,pedia.FPK,pedia_england_2.dds
pedia_art,pedia_art/pedia_explorer_1.png,1024,1024,pedia.FPK,pedia_explorer_1.dds
pedia_art,pedia_art/pedia_explorer_2.png,1024,1024,pedia.FPK,pedia_explorer_2.dds
pedia_art,pedia_art/pedia_factory_1.png,1024,1024,pedia.FPK,pedia_factory_1.dds
pedia_art,pedia_art/pedia_fermi_1.png,1024,1024,pedia.FPK,pedia_fermi_1.dds
pedia_art,pedia_art/pedia_feudalism_1.png,1024,1024,pedia.FPK,pedia_feudalism_1.dds
pedia_art,pedia_art/pedia_fighter_1.png,1024,1024,pedia.FPK,pedia_fighter_1.dds
pedia_art,pedia_art/pedia_fighter_2.png,1024,1024,pedia.FPK,pedia_fighter_2.dds
pedia_art,pedia_art/pedia_fish_1.png,1024,1024,pedia.FPK,pedia_fish_1.dds
pedia_art,pedia_art/pedia_flight_1.png,1024,1024,pedia.FPK,pedia_flight_1.dds
pedia_art,pedia_art/pedia_ford_1.png,1024,1024,pedia.FPK,pedia_ford_1.dds
pedia_art,pedia_art/pedia_forest_1.png,1024,1024,pedia.FPK,pedia_forest_1.dds
pedia_art,pedia_art/pedia_fortuneteller_1.png,1024,1024,pedia.FPK,pedia_fortuneteller_1.dds
pedia_art,pedia_art/pedia_france_1.png,1024,1024,pedia.FPK,pedia_france_1.dds
pedia_art,pedia_art/pedia_france_2.png,1024,1024,pedia.FPK,pedia_france_2.dds
pedia_art,pedia_art/pedia_frankwright_1.png,1024,1024,pedia.FPK,pedia_frankwright_1.dds
pedia_art,pedia_art/pedia_fyodor_1.png,1024,1024,pedia.FPK,pedia_fyodor_1.dds
pedia_art,pedia_art/pedia_gagarin_1.png,1024,1024,pedia.FPK,pedia_gagarin_1.dds
pedia_art,pedia_art/pedia_galleon_1.png,1024,1024,pedia.FPK,pedia_galleon_1.dds
pedia_art,pedia_art/pedia_galleon_2.png,1024,1024,pedia.FPK,pedia_galleon_2.dds
pedia_art,pedia_art/pedia_galley_1.png,1024,1024,pedia.FPK,pedia_galley_1.dds
pedia_art,pedia_art/pedia_galley_2.png,1024,1024,pedia.FPK,pedia_galley_2.dds
pedia_art,pedia_art/pedia_game_1.png,1024,1024,pedia.FPK,pedia_game_1.dds
pedia_art,pedia_art/pedia_gandhi_1.png,1024,1024,pedia.FPK,pedia_gandhi_1.dds
pedia_art,pedia_art/pedia_gems_1.png,1024,1024,pedia.FPK,pedia_gems_1.dds
pedia_art,pedia_art/pedia_general_1.png,1024,1024,pedia.FPK,pedia_general_1.dds
pedia_art,pedia_art/pedia_general_2.png,1024,1024,pedia.FPK,pedia_general_2.dds
pedia_art,pedia_art/pedia_genghis_1.png,1024,1024,pedia.FPK,pedia_genghis_1.dds
pedia_art,pedia_art/pedia_germany_1.png,1024,1024,pedia.FPK,pedia_germany_1.dds
pedia_art,pedia_art/pedia_germany_2.png,1024,1024,pedia.FPK,pedia_germany_2.dds
pedia_art,pedia_art/pedia_gilgamesh_1.png,1024,1024,pedia.FPK,pedia_gilgamesh_1.dds
pedia_art,pedia_art/pedia_globalization_1.png,1024,1024,pedia.FPK,pedia_globalization_1.dds
pedia_art,pedia_art/pedia_gold_1.png,1024,1024,pedia.FPK,pedia_gold_1.dds
pedia_art,pedia_art/pedia_granary_1.png,1024,1024,pedia.FPK,pedia_granary_1.dds
pedia_art,pedia_art/pedia_grasslands_1.png,1024,1024,pedia.FPK,pedia_grasslands_1.dds
pedia_art,pedia_art/pedia_greatwall_1.png,1024,1024,pedia.FPK,pedia_greatwall_1.dds
pedia_art,pedia_art/pedia_greece_1.png,1024,1024,pedia.FPK,pedia_greece_1.dds
pedia_art,pedia_art/pedia_greece_2.png,1024,1024,pedia.FPK,pedia_greece_2.dds
pedia_art,pedia_art/pedia_guerilla_1.png,1024,1024,pedia.FPK,pedia_guerilla_1.dds
pedia_art,pedia_art/pedia_gunpowder_1.png,1024,1024,pedia.FPK,pedia_gunpowder_1.dds
pedia_art,pedia_art/pedia_gutenberg_1.png,1024,1024,pedia.FPK,pedia_gutenberg_1.dds
pedia_art,pedia_art/pedia_gutenberg_2.png,1024,1024,pedia.FPK,pedia_gutenberg_2.dds
pedia_art,pedia_art/pedia_habitation_1.png,1024,1024,pedia.FPK,pedia_habitation_1.dds
pedia_art,pedia_art/pedia_hanging_1.png,1024,1024,pedia.FPK,pedia_hanging_1.dds
pedia_art,pedia_art/pedia_harbor_1.png,1024,1024,pedia.FPK,pedia_harbor_1.dds
pedia_art,pedia_art/pedia_hearst_1.png,1024,1024,pedia.FPK,pedia_hearst_1.dds
pedia_art,pedia_art/pedia_hearst_2.png,1024,1024,pedia.FPK,pedia_hearst_2.dds
pedia_art,pedia_art/pedia_hills_1.png,1024,1024,pedia.FPK,pedia_hills_1.dds
pedia_art,pedia_art/pedia_himeji_1.png,1024,1024,pedia.FPK,pedia_himeji_1.dds
pedia_art,pedia_art/pedia_himeji_2.png,1024,1024,pedia.FPK,pedia_himeji_2.dds
pedia_art,pedia_art/pedia_hollywood_1.png,1024,1024,pedia.FPK,pedia_hollywood_1.dds
pedia_art,pedia_art/pedia_homer_1.png,1024,1024,pedia.FPK,pedia_homer_1.dds
pedia_art,pedia_art/pedia_horseback_1.png,1024,1024,pedia.FPK,pedia_horseback_1.dds
pedia_art,pedia_art/pedia_horseman_1.png,1024,1024,pedia.FPK,pedia_horseman_1.dds
pedia_art,pedia_art/pedia_humanitarian_1.png,1024,1024,pedia.FPK,pedia_humanitarian_1.dds
pedia_art,pedia_art/pedia_icbm_1.png,1024,1024,pedia.FPK,pedia_icbm_1.dds
pedia_art,pedia_art/pedia_icbm_2.png,1024,1024,pedia.FPK,pedia_icbm_2.dds
pedia_art,pedia_art/pedia_icecap_1.png,1024,1024,pedia.FPK,pedia_icecap_1.dds
pedia_art,pedia_art/pedia_imhotep_1.png,1024,1024,pedia.FPK,pedia_imhotep_1.dds
pedia_art,pedia_art/pedia_incense_1.png,1024,1024,pedia.FPK,pedia_incense_1.dds
pedia_art,pedia_art/pedia_india_1.png,1024,1024,pedia.FPK,pedia_india_1.dds
pedia_art,pedia_art/pedia_industrialism_1.png,1024,1024,pedia.FPK,pedia_industrialism_1.dds
pedia_art,pedia_art/pedia_infiltration_1.png,1024,1024,pedia.FPK,pedia_infiltration_1.dds
pedia_art,pedia_art/pedia_invention_1.png,1024,1024,pedia.FPK,pedia_invention_1.dds
pedia_art,pedia_art/pedia_invention_2.png,1024,1024,pedia.FPK,pedia_invention_2.dds
pedia_art,pedia_art/pedia_iron_1.png,1024,1024,pedia.FPK,pedia_iron_1.dds
pedia_art,pedia_art/pedia_ironworking_1.png,1024,1024,pedia.FPK,pedia_ironworking_1.dds
pedia_art,pedia_art/pedia_irrigation_1.png,1024,1024,pedia.FPK,pedia_irrigation_1.dds
pedia_art,pedia_art/pedia_isabella_1.png,1024,1024,pedia.FPK,pedia_isabella_1.dds
pedia_art,pedia_art/pedia_japan_1.png,1024,1024,pedia.FPK,pedia_japan_1.dds
pedia_art,pedia_art/pedia_japan_2.png,1024,1024,pedia.FPK,pedia_japan_2.dds
pedia_art,pedia_art/pedia_jugglers_1.png,1024,1024,pedia.FPK,pedia_jugglers_1.dds
pedia_art,pedia_art/pedia_knight_1.png,1024,1024,pedia.FPK,pedia_knight_1.dds
pedia_art,pedia_art/pedia_knightstemplar_1.png,1024,1024,pedia.FPK,pedia_knightstemplar_1.dds
pedia_art,pedia_art/pedia_lao_tzu_1.png,1024,1024,pedia.FPK,pedia_lao_tzu_1.dds
pedia_art,pedia_art/pedia_leader_1.png,1024,1024,pedia.FPK,pedia_leader_1.dds
pedia_art,pedia_art/pedia_leadership_1.png,1024,1024,pedia.FPK,pedia_leadership_1.dds
pedia_art,pedia_art/pedia_legion_1.png,1024,1024,pedia.FPK,pedia_legion_1.dds
pedia_art,pedia_art/pedia_legion_2.png,1024,1024,pedia.FPK,pedia_legion_2.dds
pedia_art,pedia_art/pedia_leosworkshop_1.png,1024,1024,pedia.FPK,pedia_leosworkshop_1.dds
pedia_art,pedia_art/pedia_leosworkshop_2.png,1024,1024,pedia.FPK,pedia_leosworkshop_2.dds
pedia_art,pedia_art/pedia_liberty_1.png,1024,1024,pedia.FPK,pedia_liberty_1.dds
pedia_art,pedia_art/pedia_library_1.png,1024,1024,pedia.FPK,pedia_library_1.dds
pedia_art,pedia_art/pedia_lighthouse_1.png,1024,1024,pedia.FPK,pedia_lighthouse_1.dds
pedia_art,pedia_art/pedia_lincoln_1.png,1024,1024,pedia.FPK,pedia_lincoln_1.dds
pedia_art,pedia_art/pedia_lincoln_2.png,1024,1024,pedia.FPK,pedia_lincoln_2.dds
pedia_art,pedia_art/pedia_lindbergh_1.png,1024,1024,pedia.FPK,pedia_lindbergh_1.dds
pedia_art,pedia_art/pedia_literacy_1.png,1024,1024,pedia.FPK,pedia_literacy_1.dds
pedia_art,pedia_art/pedia_loyalty_1.png,1024,1024,pedia.FPK,pedia_loyalty_1.dds
pedia_art,pedia_art/pedia_magnacarta_1.png,1024,1024,pedia.FPK,pedia_magnacarta_1.dds
pedia_art,pedia_art/pedia_manhattan_1.png,1024,1024,pedia.FPK,pedia_manhattan_1.dds
pedia_art,pedia_art/pedia_manhattan_2.png,1024,1024,pedia.FPK,pedia_manhattan_2.dds
pedia_art,pedia_art/pedia_mao_1.png,1024,1024,pedia.FPK,pedia_mao_1.dds
pedia_art,pedia_art/pedia_mao_2.png,1024,1024,pedia.FPK,pedia_mao_2.dds
pedia_art,pedia_art/pedia_marble_1.png,1024,1024,pedia.FPK,pedia_marble_1.dds
pedia_art,pedia_art/pedia_march_1.png,1024,1024,pedia.FPK,pedia_march_1.dds
pedia_art,pedia_art/pedia_marconi_1.png,1024,1024,pedia.FPK,pedia_marconi_1.dds
pedia_art,pedia_art/pedia_market_1.png,1024,1024,pedia.FPK,pedia_market_1.dds
pedia_art,pedia_art/pedia_marx_1.png,1024,1024,pedia.FPK,pedia_marx_1.dds
pedia_art,pedia_art/pedia_masonry_1.png,1024,1024,pedia.FPK,pedia_masonry_1.dds
pedia_art,pedia_art/pedia_massmedia_1.png,1024,1024,pedia.FPK,pedia_massmedia_1.dds
pedia_art,pedia_art/pedia_massproduction_1.png,1024,1024,pedia.FPK,pedia_massproduction_1.dds
pedia_art,pedia_art/pedia_mathematics_1.png,1024,1024,pedia.FPK,pedia_mathematics_1.dds
pedia_art,pedia_art/pedia_medic_1.png,1024,1024,pedia.FPK,pedia_medic_1.dds
pedia_art,pedia_art/pedia_metallurgy_1.png,1024,1024,pedia.FPK,pedia_metallurgy_1.dds
pedia_art,pedia_art/pedia_micomplex_1.png,1024,1024,pedia.FPK,pedia_micomplex_1.dds
pedia_art,pedia_art/pedia_micomplex_2.png,1024,1024,pedia.FPK,pedia_micomplex_2.dds
pedia_art,pedia_art/pedia_militia_2.png,1024,1024,pedia.FPK,pedia_militia_2.dds
pedia_art,pedia_art/pedia_mine_1.png,1024,1024,pedia.FPK,pedia_mine_1.dds
pedia_art,pedia_art/pedia_monarchy_1.png,1024,1024,pedia.FPK,pedia_monarchy_1.dds
pedia_art,pedia_art/pedia_monarchygov_1.png,1024,1024,pedia.FPK,pedia_monarchygov_1.dds
pedia_art,pedia_art/pedia_mongolia_1.png,1024,1024,pedia.FPK,pedia_mongolia_1.dds
pedia_art,pedia_art/pedia_mongolia_2.png,1024,1024,pedia.FPK,pedia_mongolia_2.dds
pedia_art,pedia_art/pedia_montezuma_1.png,1024,1024,pedia.FPK,pedia_montezuma_1.dds
pedia_art,pedia_art/pedia_montezuma_2.png,1024,1024,pedia.FPK,pedia_montezuma_2.dds
pedia_art,pedia_art/pedia_mountain_1.png,1024,1024,pedia.FPK,pedia_mountain_1.dds
pedia_art,pedia_art/pedia_napoleon_1.png,1024,1024,pedia.FPK,pedia_napoleon_1.dds
pedia_art,pedia_art/pedia_napoleon_2.png,1024,1024,pedia.FPK,pedia_napoleon_2.dds
pedia_art,pedia_art/pedia_navigation_1.png,1024,1024,pedia.FPK,pedia_navigation_1.dds
pedia_art,pedia_art/pedia_nebuchadnezzar_1.png,1024,1024,pedia.FPK,pedia_nebuchadnezzar_1.dds
pedia_art,pedia_art/pedia_needle_1.png,1024,1024,pedia.FPK,pedia_needle_1.dds
pedia_art,pedia_art/pedia_networking_1.png,1024,1024,pedia.FPK,pedia_networking_1.dds
pedia_art,pedia_art/pedia_nightingale_1.png,1024,1024,pedia.FPK,pedia_nightingale_1.dds
pedia_art,pedia_art/pedia_nuclearpower_1.png,1024,1024,pedia.FPK,pedia_nuclearpower_1.dds
pedia_art,pedia_art/pedia_oak_1.png,1024,1024,pedia.FPK,pedia_oak_1.dds
pedia_art,pedia_art/pedia_oil_1.png,1024,1024,pedia.FPK,pedia_oil_1.dds
pedia_art,pedia_art/pedia_oracle_1.png,1024,1024,pedia.FPK,pedia_oracle_1.dds
pedia_art,pedia_art/pedia_oracle_2.png,1024,1024,pedia.FPK,pedia_oracle_2.dds
pedia_art,pedia_art/pedia_oxen_1.png,1024,1024,pedia.FPK,pedia_oxen_1.dds
pedia_art,pedia_art/pedia_oxford_1.png,1024,1024,pedia.FPK,pedia_oxford_1.dds
pedia_art,pedia_art/pedia_oxford_2.png,1024,1024,pedia.FPK,pedia_oxford_2.dds
pedia_art,pedia_art/pedia_palace_1.png,1024,1024,pedia.FPK,pedia_palace_1.dds
pedia_art,pedia_art/pedia_palace_2.png,1024,1024,pedia.FPK,pedia_palace_2.dds
pedia_art,pedia_art/pedia_pastrychef_1.png,1024,1024,pedia.FPK,pedia_pastrychef_1.dds
pedia_art,pedia_art/pedia_phalanx_1.png,1024,1024,pedia.FPK,pedia_phalanx_1.dds
pedia_art,pedia_art/pedia_phalanx_2.png,1024,1024,pedia.FPK,pedia_phalanx_2.dds
pedia_art,pedia_art/pedia_pisa_1.png,1024,1024,pedia.FPK,pedia_pisa_1.dds
pedia_art,pedia_art/pedia_plains_1.png,1024,1024,pedia.FPK,pedia_plains_1.dds
pedia_art,pedia_art/pedia_plato_1.png,1024,1024,pedia.FPK,pedia_plato_1.dds
pedia_art,pedia_art/pedia_polo_1.png,1024,1024,pedia.FPK,pedia_polo_1.dds
pedia_art,pedia_art/pedia_pottery_1.png,1024,1024,pedia.FPK,pedia_pottery_1.dds
pedia_art,pedia_art/pedia_printingpress_1.png,1024,1024,pedia.FPK,pedia_printingpress_1.dds
pedia_art,pedia_art/pedia_propulsion_1.png,1024,1024,pedia.FPK,pedia_propulsion_1.dds
pedia_art,pedia_art/pedia_pyramids_1.png,1024,1024,pedia.FPK,pedia_pyramids_1.dds
pedia_art,pedia_art/pedia_pyramids_2.png,1024,1024,pedia.FPK,pedia_pyramids_2.dds
pedia_art,pedia_art/pedia_pythagoras_1.png,1024,1024,pedia.FPK,pedia_pythagoras_1.dds
pedia_art,pedia_art/pedia_railroad_1.png,1024,1024,pedia.FPK,pedia_railroad_1.dds
pedia_art,pedia_art/pedia_religion_1.png,1024,1024,pedia.FPK,pedia_religion_1.dds
pedia_art,pedia_art/pedia_republic_1.png,1024,1024,pedia.FPK,pedia_republic_1.dds
pedia_art,pedia_art/pedia_riflemen_1.png,1024,1024,pedia.FPK,pedia_riflemen_1.dds
pedia_art,pedia_art/pedia_riflemen_2.png,1024,1024,pedia.FPK,pedia_riflemen_2.dds
pedia_art,pedia_art/pedia_rome_1.png,1024,1024,pedia.FPK,pedia_rome_1.dds
pedia_art,pedia_art/pedia_rubber_1.png,1024,1024,pedia.FPK,pedia_rubber_1.dds
pedia_art,pedia_art/pedia_russia_1.png,1024,1024,pedia.FPK,pedia_russia_1.dds
pedia_art,pedia_art/pedia_russia_2.png,1024,1024,pedia.FPK,pedia_russia_2.dds
pedia_art,pedia_art/pedia_saladin_1.png,1024,1024,pedia.FPK,pedia_saladin_1.dds
pedia_art,pedia_art/pedia_saladin_2.png,1024,1024,pedia.FPK,pedia_saladin_2.dds
pedia_art,pedia_art/pedia_saladin_3.png,1024,1024,pedia.FPK,pedia_saladin_3.dds
pedia_art,pedia_art/pedia_sankore_1.png,1024,1024,pedia.FPK,pedia_sankore_1.dds
pedia_art,pedia_art/pedia_sargon_1.png,1024,1024,pedia.FPK,pedia_sargon_1.dds
pedia_art,pedia_art/pedia_scientist_1.png,1024,1024,pedia.FPK,pedia_scientist_1.dds
pedia_art,pedia_art/pedia_scientist_2.png,1024,1024,pedia.FPK,pedia_scientist_2.dds
pedia_art,pedia_art/pedia_sea_1.png,1024,1024,pedia.FPK,pedia_sea_1.dds
pedia_art,pedia_art/pedia_seti_1.png,1024,1024,pedia.FPK,pedia_seti_1.dds
pedia_art,pedia_art/pedia_settlement_2.png,1024,1024,pedia.FPK,pedia_settlement_2.dds
pedia_art,pedia_art/pedia_sevencitiesofgold_1.png,1024,1024,pedia.FPK,pedia_sevencitiesofgold_1.dds
pedia_art,pedia_art/pedia_shakespeare_1.png,1024,1024,pedia.FPK,pedia_shakespeare_1.dds
pedia_art,pedia_art/pedia_shakespeare_2.png,1024,1024,pedia.FPK,pedia_shakespeare_2.dds
pedia_art,pedia_art/pedia_silk_1.png,1024,1024,pedia.FPK,pedia_silk_1.dds
pedia_art,pedia_art/pedia_solomon_1.png,1024,1024,pedia.FPK,pedia_solomon_1.dds
pedia_art,pedia_art/pedia_solomon_2.png,1024,1024,pedia.FPK,pedia_solomon_2.dds
pedia_art,pedia_art/pedia_sophocles_1.png,1024,1024,pedia.FPK,pedia_sophocles_1.dds
pedia_art,pedia_art/pedia_spaceflight_1.png,1024,1024,pedia.FPK,pedia_spaceflight_1.dds
pedia_art,pedia_art/pedia_spain_1.png,1024,1024,pedia.FPK,pedia_spain_1.dds
pedia_art,pedia_art/pedia_spain_2.png,1024,1024,pedia.FPK,pedia_spain_2.dds
pedia_art,pedia_art/pedia_sphinx_1.png,1024,1024,pedia.FPK,pedia_sphinx_1.dds
pedia_art,pedia_art/pedia_spices_1.png,1024,1024,pedia.FPK,pedia_spices_1.dds
pedia_art,pedia_art/pedia_spy_1.png,1024,1024,pedia.FPK,pedia_spy_1.dds
pedia_art,pedia_art/pedia_spy_2.png,1024,1024,pedia.FPK,pedia_spy_2.dds
pedia_art,pedia_art/pedia_ssfuel_1.png,1024,1024,pedia.FPK,pedia_ssfuel_1.dds
pedia_art,pedia_art/pedia_sslifesupport_1.png,1024,1024,pedia.FPK,pedia_sslifesupport_1.dds
pedia_art,pedia_art/pedia_steampower_1.png,1024,1024,pedia.FPK,pedia_steampower_1.dds
pedia_art,pedia_art/pedia_steel_1.png,1024,1024,pedia.FPK,pedia_steel_1.dds
pedia_art,pedia_art/pedia_stonehenge_1.png,1024,1024,pedia.FPK,pedia_stonehenge_1.dds
pedia_art,pedia_art/pedia_stonehenge_2.png,1024,1024,pedia.FPK,pedia_stonehenge_2.dds
pedia_art,pedia_art/pedia_strongman_1.png,1024,1024,pedia.FPK,pedia_strongman_1.dds
pedia_art,pedia_art/pedia_submarine_1.png,1024,1024,pedia.FPK,pedia_submarine_1.dds
pedia_art,pedia_art/pedia_sulfur_1.png,1024,1024,pedia.FPK,pedia_sulfur_1.dds
pedia_art,pedia_art/pedia_superconductor_1.png,1024,1024,pedia.FPK,pedia_superconductor_1.dds
pedia_art,pedia_art/pedia_sydney_1.png,1024,1024,pedia.FPK,pedia_sydney_1.dds
pedia_art,pedia_art/pedia_taj_1.png,1024,1024,pedia.FPK,pedia_taj_1.dds
pedia_art,pedia_art/pedia_tank_2.png,1024,1024,pedia.FPK,pedia_tank_2.dds
pedia_art,pedia_art/pedia_temple_1.png,1024,1024,pedia.FPK,pedia_temple_1.dds
pedia_art,pedia_art/pedia_tenor_1.png,1024,1024,pedia.FPK,pedia_tenor_1.dds
pedia_art,pedia_art/pedia_terracotta_1.png,1024,1024,pedia.FPK,pedia_terracotta_1.dds
pedia_art,pedia_art/pedia_tokugawa_1.png,1024,1024,pedia.FPK,pedia_tokugawa_1.dds
pedia_art,pedia_art/pedia_tradingpost_1.png,1024,1024,pedia.FPK,pedia_tradingpost_1.dds
pedia_art,pedia_art/pedia_trajan_1.png,1024,1024,pedia.FPK,pedia_trajan_1.dds
pedia_art,pedia_art/pedia_un_1.png,1024,1024,pedia.FPK,pedia_un_1.dds
pedia_art,pedia_art/pedia_un_2.png,1024,1024,pedia.FPK,pedia_un_2.dds
pedia_art,pedia_art/pedia_university_1.png,1024,1024,pedia.FPK,pedia_university_1.dds
pedia_art,pedia_art/pedia_universitytech_1.png,1024,1024,pedia.FPK,pedia_universitytech_1.dds
pedia_art,pedia_art/pedia_uranium_1.png,1024,1024,pedia.FPK,pedia_uranium_1.dds
pedia_art,pedia_art/pedia_walls_1.png,1024,1024,pedia.FPK,pedia_walls_1.dds
pedia_art,pedia_art/pedia_warrior_1.png,1024,1024,pedia.FPK,pedia_warrior_1.dds
pedia_art,pedia_art/pedia_watt_1.png,1024,1024,pedia.FPK,pedia_watt_1.dds
pedia_art,pedia_art/pedia_whale_1.png,1024,1024,pedia.FPK,pedia_whale_1.dds
pedia_art,pedia_art/pedia_wheat_1.png,1024,1024,pedia.FPK,pedia_wheat_1.dds
pedia_art,pedia_art/pedia_wilburwright_1.png,1024,1024,pedia.FPK,pedia_wilburwright_1.dds
pedia_art,pedia_art/pedia_wilburwright_2.png,1024,1024,pedia.FPK,pedia_wilburwright_2.dds
pedia_art,pedia_art/pedia_wine_1.png,1024,1024,pedia.FPK,pedia_wine_1.dds
pedia_art,pedia_art/pedia_workshop_1.png,1024,1024,pedia.FPK,pedia_workshop_1.dds
pedia_art,pedia_art/pedia_workshop_2.png,1024,1024,pedia.FPK,pedia_workshop_2.dds
pedia_art,pedia_art/pedia_writing_1.png,1024,1024,pedia.FPK,pedia_writing_1.dds
pedia_art,pedia_art/pedia_zulu_1.png,1024,1024,pedia.FPK,pedia_zulu_1.dds
pedia_art,pedia_art/pedia_zulu_2.png,1024,1024,pedia.FPK,pedia_zulu_2.dds
relics,relics/rel_ankor.png,128,128,pedia.FPK,rel_ankor.dds
relics,relics/rel_ark.png,128,128,pedia.FPK,rel_ark.dds
relics,relics/rel_atlantis.png,128,128,pedia.FPK,rel_atlantis.dds
relics,relics/rel_confucius.png,128,128,pedia.FPK,rel_confucius.dds
relics,relics/rel_sevencities.png,128,128,pedia.FPK,rel_sevencities.dds
relics,relics/rel_templar.png,128,128,pedia.FPK,rel_templar.dds
resources,resources/res_sulfur.png,128,128,Common0.FPK,res_sulfur.dds
resources,resources/res_aluminum.png,128,128,pedia.FPK,res_aluminum.dds
resources,resources/res_cattle.png,128,128,pedia.FPK,res_cattle.dds
resources,resources/res_coal.png,128,128,pedia.FPK,res_coal.dds
resources,resources/res_dye.png,128,128,pedia.FPK,res_dye.dds
resources,resources/res_fish.png,128,128,pedia.FPK,res_fish.dds
resources,resources/res_game.png,128,128,pedia.FPK,res_game.dds
resources,resources/res_gems.png,128,128,pedia.FPK,res_gems.dds
resources,resources/res_gold.png,128,128,pedia.FPK,res_gold.dds
resources,resources/res_incense.png,128,128,pedia.FPK,res_incense.dds
resources,resources/res_iron.png,128,128,pedia.FPK,res_iron.dds
resources,resources/res_marble.png,128,128,pedia.FPK,res_marble.dds
resources,resources/res_oak.png,128,128,pedia.FPK,res_oak.dds
resources,resources/res_oil.png,128,128,pedia.FPK,res_oil.dds
resources,resources/res_oxen.png,128,128,pedia.FPK,res_oxen.dds
resources,resources/res_rubber.png,128,128,pedia.FPK,res_rubber.dds
resources,resources/res_saltpeter.png,128,128,pedia.FPK,res_saltpeter.dds
resources,resources/res_silk.png,128,128,pedia.FPK,res_silk.dds
resources,resources/res_spices.png,128,128,pedia.FPK,res_spices.dds
resources,resources/res_uranium.png,128,128,pedia.FPK,res_uranium.dds
resources,resources/res_whale.png,128,128,pedia.FPK,res_whale.dds
resources,resources/res_wheat.png,128,128,pedia.FPK,res_wheat.dds
resources,resources/res_wine.png,128,128,pedia.FPK,res_wine.dds
symbol_atlases,symbol_atlases/gov_symbols_diff.png,256,256,Level.FPK,gov_symbols_diff.dds
technologies,technologies/tech_astronomy.png,128,128,Common0.FPK,tech_astronomy.dds
technologies,technologies/tech_advancedflight.png,128,128,pedia.FPK,tech_advancedflight.dds
technologies,technologies/tech_alphabet.png,128,128,pedia.FPK,tech_alphabet.dds
technologies,technologies/tech_atomictheory.png,128,128,pedia.FPK,tech_atomictheory.dds
technologies,technologies/tech_banking.png,128,128,pedia.FPK,tech_banking.dds
technologies,technologies/tech_bronzeworking.png,128,128,pedia.FPK,tech_bronzeworking.dds
technologies,technologies/tech_ceremonialburial.png,128,128,pedia.FPK,tech_ceremonialburial.dds
technologies,technologies/tech_codeoflaws.png,128,128,pedia.FPK,tech_codeoflaws.dds
technologies,technologies/tech_combustion.png,128,128,pedia.FPK,tech_combustion.dds
technologies,technologies/tech_communism.png,128,128,pedia.FPK,tech_communism.dds
technologies,technologies/tech_construction.png,128,128,pedia.FPK,tech_construction.dds
technologies,technologies/tech_currency.png,128,128,pedia.FPK,tech_currency.dds
technologies,technologies/tech_democracy.png,128,128,pedia.FPK,tech_democracy.dds
technologies,technologies/tech_electricity.png,128,128,pedia.FPK,tech_electricity.dds
technologies,technologies/tech_electronics.png,128,128,pedia.FPK,tech_electronics.dds
technologies,technologies/tech_engineering.png,128,128,pedia.FPK,tech_engineering.dds
technologies,technologies/tech_feudalism.png,128,128,pedia.FPK,tech_feudalism.dds
technologies,technologies/tech_flight.png,128,128,pedia.FPK,tech_flight.dds
technologies,technologies/tech_futuretechnology.png,128,128,pedia.FPK,tech_futuretechnology.dds
technologies,technologies/tech_globalization.png,128,128,pedia.FPK,tech_globalization.dds
technologies,technologies/tech_gunpowder.png,128,128,pedia.FPK,tech_gunpowder.dds
technologies,technologies/tech_horsebackriding.png,128,128,pedia.FPK,tech_horsebackriding.dds
technologies,technologies/tech_industrialization.png,128,128,pedia.FPK,tech_industrialization.dds
technologies,technologies/tech_invention.png,128,128,pedia.FPK,tech_invention.dds
technologies,technologies/tech_ironworking.png,128,128,pedia.FPK,tech_ironworking.dds
technologies,technologies/tech_irrigation.png,128,128,pedia.FPK,tech_irrigation.dds
technologies,technologies/tech_literacy.png,128,128,pedia.FPK,tech_literacy.dds
technologies,technologies/tech_masonry.png,128,128,pedia.FPK,tech_masonry.dds
technologies,technologies/tech_massmedia.png,128,128,pedia.FPK,tech_massmedia.dds
technologies,technologies/tech_massproduction.png,128,128,pedia.FPK,tech_massproduction.dds
technologies,technologies/tech_mathematics.png,128,128,pedia.FPK,tech_mathematics.dds
technologies,technologies/tech_metallurgy.png,128,128,pedia.FPK,tech_metallurgy.dds
technologies,technologies/tech_monarchy.png,128,128,pedia.FPK,tech_monarchy.dds
technologies,technologies/tech_navigation.png,128,128,pedia.FPK,tech_navigation.dds
technologies,technologies/tech_networking.png,128,128,pedia.FPK,tech_networking.dds
technologies,technologies/tech_nuclearpower.png,128,128,pedia.FPK,tech_nuclearpower.dds
technologies,technologies/tech_pottery.png,128,128,pedia.FPK,tech_pottery.dds
technologies,technologies/tech_printingpress.png,128,128,pedia.FPK,tech_printingpress.dds
technologies,technologies/tech_railroad.png,128,128,pedia.FPK,tech_railroad.dds
technologies,technologies/tech_religion.png,128,128,pedia.FPK,tech_religion.dds
technologies,technologies/tech_spaceflight.png,128,128,pedia.FPK,tech_spaceflight.dds
technologies,technologies/tech_steampower.png,128,128,pedia.FPK,tech_steampower.dds
technologies,technologies/tech_steel.png,128,128,pedia.FPK,tech_steel.dds
technologies,technologies/tech_superconductor.png,128,128,pedia.FPK,tech_superconductor.dds
technologies,technologies/tech_theautomobile.png,128,128,pedia.FPK,tech_theautomobile.dds
technologies,technologies/tech_thecorporation.png,128,128,pedia.FPK,tech_thecorporation.dds
technologies,technologies/tech_university.png,128,128,pedia.FPK,tech_university.dds
technologies,technologies/tech_writing.png,128,128,pedia.FPK,tech_writing.dds
terrains,terrains/ter_desert.png,128,128,pedia.FPK,ter_desert.dds
terrains,terrains/ter_forest.png,128,128,pedia.FPK,ter_forest.dds
terrains,terrains/ter_grass.png,128,128,pedia.FPK,ter_grass.dds
terrains,terrains/ter_hills.png,128,128,pedia.FPK,ter_hills.dds
terrains,terrains/ter_ice.png,128,128,pedia.FPK,ter_ice.dds
terrains,terrains/ter_mountains.png,128,128,pedia.FPK,ter_mountains.dds
terrains,terrains/ter_ocean.png,128,128,pedia.FPK,ter_ocean.dds
terrains,terrains/ter_plains.png,128,128,pedia.FPK,ter_plains.dds
ui_external,ui_external/bardrkbluebutton.png,256,256,Common0.FPK,bardrkbluebutton.dds
ui_external,ui_external/bg_artists_sil.png,1024,1024,Common0.FPK,bg_artists_sil.png.dds
ui_external,ui_external/bg_builders_sil.png,1024,1024,Common0.FPK,bg_builders_sil.png.dds
ui_external,ui_external/bg_exptycoons_sil.png,1024,1024,Common0.FPK,bg_exptycoons_sil.png.dds
ui_external,ui_external/bg_military_sil.png,1024,1024,Common0.FPK,bg_military_sil.png.dds
ui_external,ui_external/bg_prophets_sil.png,1024,1024,Common0.FPK,bg_prophets_sil.png.dds
ui_external,ui_external/bg_scientists_sil.png,1024,1024,Common0.FPK,bg_scientists_sil.png.dds
ui_external,ui_external/bulb_1.png,32,32,Common0.FPK,bulb_1.dds
ui_external,ui_external/bulb_2.png,32,32,Common0.FPK,bulb_2.dds
ui_external,ui_external/compassarrow.png,128,128,Common0.FPK,compassarrow.dds
ui_external,ui_external/esrb.png,512,256,Common0.FPK,esrb.dds
ui_external,ui_external/firaxis_logo_1.png,256,128,Common0.FPK,firaxis_logo_1.dds
ui_external,ui_external/gfx_buddy_connected.png,64,32,Common0.FPK,gfx_buddy_connected.dds
ui_external,ui_external/gfx_buddy_disconnected.png,64,32,Common0.FPK,gfx_buddy_disconnected.dds
ui_external,ui_external/gfx_buddy_playing.png,64,32,Common0.FPK,gfx_buddy_playing.dds
ui_external,ui_external/gfx_cityscreen_overlay_highlight.png,512,64,Common0.FPK,gfx_cityscreen_overlay_highlight.dds
ui_external,ui_external/gfx_controllermap_ps3.png,512,512,Common0.FPK,gfx_controllermap_ps3.dds
ui_external,ui_external/gfx_controllermap_xbox.png,512,512,Common0.FPK,gfx_controllermap_xbox.dds
ui_external,ui_external/gfx_endgamecrawl_left.png,512,128,Common0.FPK,gfx_endgamecrawl_left.dds
ui_external,ui_external/gfx_endgamecrawl_right.png,512,128,Common0.FPK,gfx_endgamecrawl_right.dds
ui_external,ui_external/gfx_hourglass_clockframe.png,128,128,Common0.FPK,gfx_hourglass_clockframe.dds
ui_external,ui_external/gfx_hourglass_rings.png,128,128,Common0.FPK,gfx_hourglass_rings.dds
ui_external,ui_external/gfx_hourglass_swoosh.png,128,128,Common0.FPK,gfx_hourglass_swoosh.dds
ui_external,ui_external/gfx_mapbackground_512x256.png,1024,512,Common0.FPK,gfx_mapbackground_512x256.dds
ui_external,ui_external/gfx_newera_ancient_scroll1.png,512,512,Common0.FPK,gfx_newera_ancient_scroll1.dds
ui_external,ui_external/gfx_newera_ancient_scroll2.png,1024,64,Common0.FPK,gfx_newera_ancient_scroll2.dds
ui_external,ui_external/gfx_newera_ancient_scroll3.png,1024,64,Common0.FPK,gfx_newera_ancient_scroll3.dds
ui_external,ui_external/gfx_newera_industrial_paper.png,512,512,Common0.FPK,gfx_newera_industrial_paper.dds
ui_external,ui_external/gfx_newera_medieval_book.png,512,512,Common0.FPK,gfx_newera_medieval_book.dds
ui_external,ui_external/gfx_newera_modern_pda.png,512,512,Common0.FPK,gfx_newera_modern_pda.dds
ui_external,ui_external/gfx_techtree_goldcoin.png,64,64,Common0.FPK,gfx_techtree_goldcoin.dds
ui_external,ui_external/gfx_toptenscreen_compassring.png,512,512,Common0.FPK,gfx_toptenscreen_compassring.png.dds
ui_external,ui_external/gfx_turntimer_stopwatch.png,128,128,Common0.FPK,gfx_turntimer_stopwatch.dds
ui_external,ui_external/gfx_turntimermenu_stopwatch.png,128,128,Common0.FPK,gfx_turntimermenu_stopwatch.tga.dds
ui_external,ui_external/gfx_worldchooser1.png,2048,1024,Common0.FPK,gfx_worldchooser1.dds
ui_external,ui_external/gfx_worldchooser4.png,512,512,Common0.FPK,gfx_worldchooser4.dds
ui_external,ui_external/magnify_glass.png,128,128,Common0.FPK,magnify_glass.dds
ui_external,ui_external/outline64x64gray.png,64,64,Common0.FPK,outline64x64gray.dds
ui_external,ui_external/outline64x64green.png,64,64,Common0.FPK,outline64x64green.dds
ui_external,ui_external/outline64x64whitehighlight.png,64,64,Common0.FPK,outline64x64whitehighlight.dds
ui_external,ui_external/ribbon1.png,64,64,Common0.FPK,ribbon1.dds
ui_external,ui_external/ribbon2.png,64,64,Common0.FPK,ribbon2.dds
ui_external,ui_external/ribbon3.png,64,64,Common0.FPK,ribbon3.dds
ui_external,ui_external/ribbon4.png,64,64,Common0.FPK,ribbon4.dds
ui_external,ui_external/ribbon5.png,64,64,Common0.FPK,ribbon5.dds
ui_external,ui_external/stackarrowdown.png,64,32,Common0.FPK,stackarrowdown.png.dds
ui_external,ui_external/stackarrowup.png,64,32,Common0.FPK,stackarrowup.png.dds
ui_external,ui_external/trts_composite_03.png,1024,512,Common0.FPK,trts_composite_03.dds
ui_external,ui_external/verb_activate.png,64,64,Common0.FPK,verb_activate.dds
ui_external,ui_external/verb_civilopedia.png,64,64,Common0.FPK,verb_civilopedia.dds
ui_external,ui_external/verb_fortify.png,64,64,Common0.FPK,verb_fortify.dds
ui_external,ui_external/verb_foundcity.png,64,64,Common0.FPK,verb_foundcity.dds
ui_external,ui_external/verb_inhabit.png,64,64,Common0.FPK,verb_inhabit.dds
ui_external,ui_external/verb_sacrifice.png,64,64,Common0.FPK,verb_sacrifice.dds
ui_external,ui_external/verb_unload.png,64,64,Common0.FPK,verb_unload.dds
ui_external,ui_external/verb_viewinfo.png,64,64,Common0.FPK,verb_viewinfo.dds
ui_external,ui_external/watchhand.png,32,128,Common0.FPK,watchhand.dds
ui_external,ui_external/hoa_bg_plate.png,1024,1024,hoa.FPK,hoa_bg_plate.png.dds
ui_external,ui_external/hoa_bg_sky.png,1024,1024,hoa.FPK,hoa_bg_sky.png.dds
ui_external,ui_external/nameplates_i1.png,256,64,hoa.FPK,nameplates_i1.dds
ui_external,ui_external/ps3ddown.png,64,64,hoa.FPK,ps3ddown.dds
ui_external,ui_external/advisorbubble_center.png,32,32,Level.FPK,advisorbubble_center.dds
ui_external,ui_external/advisorbubble_leftcorner.png,32,32,Level.FPK,advisorbubble_leftcorner.dds
ui_external,ui_external/advisorbubble_middletop.png,32,32,Level.FPK,advisorbubble_middletop.dds
ui_external,ui_external/advisorbubble_rightbottomcorner.png,32,32,Level.FPK,advisorbubble_rightbottomcorner.dds
ui_external,ui_external/advisorbubble_rightcorner.png,32,32,Level.FPK,advisorbubble_rightcorner.dds
ui_external,ui_external/arrowtogoldscience.png,64,64,Level.FPK,arrowtogoldscience.dds
ui_external,ui_external/barculturepink.png,64,64,Level.FPK,barculturepink.dds
ui_external,ui_external/bardarkred.png,32,32,Level.FPK,bardarkred.dds
ui_external,ui_external/barfoodgreen.png,64,64,Level.FPK,barfoodgreen.dds
ui_external,ui_external/bargoldyellow.png,32,32,Level.FPK,bargoldyellow.dds
ui_external,ui_external/bargoldyellowbutton.png,256,256,Level.FPK,bargoldyellowbutton.dds
ui_external,ui_external/barhighlightyellow.png,64,64,Level.FPK,barhighlightyellow.dds
ui_external,ui_external/barlightgray.png,64,64,Level.FPK,barlightgray.dds
ui_external,ui_external/barwhite.png,64,64,Level.FPK,barwhite.dds
ui_external,ui_external/citybarreg.png,256,128,Level.FPK,citybarreg.dds
ui_external,ui_external/citybarsmall.png,256,64,Level.FPK,citybarsmall.dds
ui_external,ui_external/darkbluebarthinnerline.png,64,64,Level.FPK,darkbluebarthinnerline.dds
ui_external,ui_external/gfx_advisorcarat.png,32,32,Level.FPK,gfx_advisorcarat.dds
ui_external,ui_external/gfx_diplopanel_anarchy.png,128,128,Level.FPK,gfx_diplopanel_anarchy.dds
ui_external,ui_external/gfx_diplopanel_communism.png,128,128,Level.FPK,gfx_diplopanel_communism.dds
ui_external,ui_external/gfx_diplopanel_culturegold.png,128,128,Level.FPK,gfx_diplopanel_culturegold.dds
ui_external,ui_external/gfx_diplopanel_culturered.png,128,128,Level.FPK,gfx_diplopanel_culturered.dds
ui_external,ui_external/gfx_diplopanel_culturestages_001.png,64,64,Level.FPK,gfx_diplopanel_culturestages_001.dds
ui_external,ui_external/gfx_diplopanel_culturestages_002.png,64,64,Level.FPK,gfx_diplopanel_culturestages_002.dds
ui_external,ui_external/gfx_diplopanel_culturestages_003.png,64,64,Level.FPK,gfx_diplopanel_culturestages_003.dds
ui_external,ui_external/gfx_diplopanel_culturestages_004.png,64,64,Level.FPK,gfx_diplopanel_culturestages_004.dds
ui_external,ui_external/gfx_diplopanel_democracy.png,128,128,Level.FPK,gfx_diplopanel_democracy.dds
ui_external,ui_external/gfx_diplopanel_despotism.png,128,128,Level.FPK,gfx_diplopanel_despotism.dds
ui_external,ui_external/gfx_diplopanel_dominationgold.png,128,128,Level.FPK,gfx_diplopanel_dominationgold.dds
ui_external,ui_external/gfx_diplopanel_dominationred.png,128,128,Level.FPK,gfx_diplopanel_dominationred.dds
ui_external,ui_external/gfx_diplopanel_economicgold.png,128,128,Level.FPK,gfx_diplopanel_economicgold.dds
ui_external,ui_external/gfx_diplopanel_economicred.png,128,128,Level.FPK,gfx_diplopanel_economicred.dds
ui_external,ui_external/gfx_diplopanel_fundamentalism.png,128,128,Level.FPK,gfx_diplopanel_fundamentalism.dds
ui_external,ui_external/gfx_diplopanel_monarchy.png,128,128,Level.FPK,gfx_diplopanel_monarchy.dds
ui_external,ui_external/gfx_diplopanel_republic.png,128,128,Level.FPK,gfx_diplopanel_republic.dds
ui_external,ui_external/gfx_diplopanel_ribbon.png,128,64,Level.FPK,gfx_diplopanel_ribbon.dds
ui_external,ui_external/gfx_diplopanel_ribbongold.png,128,64,Level.FPK,gfx_diplopanel_ribbongold.dds
ui_external,ui_external/gfx_diplopanel_techgold.png,128,128,Level.FPK,gfx_diplopanel_techgold.dds
ui_external,ui_external/gfx_diplopanel_techred.png,128,128,Level.FPK,gfx_diplopanel_techred.dds
ui_external,ui_external/gfx_endturn_ripplerv.png,128,128,Level.FPK,gfx_endturn_ripplerv.dds
ui_external,ui_external/gfx_hourglass_gear.png,64,64,Level.FPK,gfx_hourglass_gear.dds
ui_external,ui_external/gfx_hourglass_gearback.png,128,128,Level.FPK,gfx_hourglass_gearback.dds
ui_external,ui_external/gfx_hourglass_timerbase.png,256,256,Level.FPK,gfx_hourglass_timerbase.dds
ui_external,ui_external/gfx_turntimer_checkmark.png,64,64,Level.FPK,gfx_turntimer_checkmark.dds
ui_external,ui_external/gfx_turntimer_multitimer.png,256,256,Level.FPK,gfx_turntimer_multitimer.dds
ui_external,ui_external/gfx_turntimer_piequarter.png,64,64,Level.FPK,gfx_turntimer_piequarter.dds
ui_external,ui_external/gfx_unitstack_attack.png,128,128,Level.FPK,gfx_unitstack_attack.dds
ui_external,ui_external/gfx_unitstack_defence.png,128,128,Level.FPK,gfx_unitstack_defence.dds
ui_external,ui_external/gfx_unitstack_greatgeneral.png,64,256,Level.FPK,gfx_unitstack_greatgeneral.dds
ui_external,ui_external/gfx_unitstack_upgradebase.png,64,64,Level.FPK,gfx_unitstack_upgradebase.dds
ui_external,ui_external/gfx_unitstack_upgradeblitz.png,64,64,Level.FPK,gfx_unitstack_upgradeblitz.dds
ui_external,ui_external/gfx_unitstack_upgradeengineer.png,64,64,Level.FPK,gfx_unitstack_upgradeengineer.dds
ui_external,ui_external/gfx_unitstack_upgradeguriella.png,64,64,Level.FPK,gfx_unitstack_upgradeguriella.dds
ui_external,ui_external/gfx_unitstack_upgradeinfiltration.png,64,64,Level.FPK,gfx_unitstack_upgradeinfiltration.dds
ui_external,ui_external/gfx_unitstack_upgradeleadership.png,64,64,Level.FPK,gfx_unitstack_upgradeleadership.dds
ui_external,ui_external/gfx_unitstack_upgradeloyalty.png,64,64,Level.FPK,gfx_unitstack_upgradeloyalty.dds
ui_external,ui_external/gfx_unitstack_upgrademarch.png,64,64,Level.FPK,gfx_unitstack_upgrademarch.dds
ui_external,ui_external/gfx_unitstack_upgrademedic.png,64,64,Level.FPK,gfx_unitstack_upgrademedic.dds
ui_external,ui_external/gfx_unitstack_upgradescout.png,64,64,Level.FPK,gfx_unitstack_upgradescout.dds
ui_external,ui_external/gfx_unitstack_upgradeveteran.png,64,64,Level.FPK,gfx_unitstack_upgradeveteran.dds
ui_external,ui_external/goldarrow.png,32,32,Level.FPK,goldarrow.dds
ui_external,ui_external/grayorb.png,64,64,Level.FPK,grayorb.dds
ui_external,ui_external/greatperson.png,64,64,Level.FPK,greatperson.png.dds
ui_external,ui_external/greenorb.png,64,64,Level.FPK,greenorb.dds
ui_external,ui_external/heart.png,64,64,Level.FPK,heart.dds
ui_external,ui_external/outline64x64.png,64,64,Level.FPK,outline64x64.dds
ui_external,ui_external/outline64x64goldyellow.png,64,64,Level.FPK,outline64x64goldyellow.dds
ui_external,ui_external/outline64x64goldyellowframe.png,64,64,Level.FPK,outline64x64goldyellowframe.dds
ui_external,ui_external/outline64x64highlight.png,64,64,Level.FPK,outline64x64highlight.dds
ui_external,ui_external/outline64x64highlight2.png,64,64,Level.FPK,outline64x64highlight2.dds
ui_external,ui_external/periwinkleshield.png,64,64,Level.FPK,periwinkleshield.dds
ui_external,ui_external/periwinkleshieldhalf.png,64,64,Level.FPK,periwinkleshieldhalf.dds
ui_external,ui_external/uptobuild.png,64,64,Level.FPK,uptobuild.dds
ui_external,ui_external/uptobuildbar.png,64,64,Level.FPK,uptobuildbar.dds
ui_external,ui_external/uptopopulation.png,64,64,Level.FPK,uptopopulation.dds
ui_external,ui_external/xbottom.png,128,128,Level.FPK,xbottom.dds
ui_external,ui_external/xtop.png,128,128,Level.FPK,xtop.dds
ui_external,ui_external/bardarkblue.png,32,32,Pregame.FPK,bardarkblue.dds
ui_external,ui_external/bardarkblueoutline.png,128,128,Pregame.FPK,bardarkblueoutline.dds
ui_external,ui_external/barscienceblue.png,64,64,Pregame.FPK,barscienceblue.dds
ui_external,ui_external/gamespy.png,128,128,Pregame.FPK,gamespy.dds
ui_external,ui_external/gfx_diplopanel_culturegold2.png,256,256,Pregame.FPK,gfx_diplopanel_culturegold2.dds
ui_external,ui_external/gfx_diplopanel_culturegold3.png,128,128,Pregame.FPK,gfx_diplopanel_culturegold3.dds
ui_external,ui_external/gfx_diplopanel_dominationgold2.png,256,256,Pregame.FPK,gfx_diplopanel_dominationgold2.dds
ui_external,ui_external/gfx_diplopanel_dominationgold3.png,128,128,Pregame.FPK,gfx_diplopanel_dominationgold3.dds
ui_external,ui_external/gfx_diplopanel_economicgold2.png,256,256,Pregame.FPK,gfx_diplopanel_economicgold2.dds
ui_external,ui_external/gfx_diplopanel_economicgold3.png,128,128,Pregame.FPK,gfx_diplopanel_economicgold3.dds
ui_external,ui_external/gfx_diplopanel_techgold2.png,256,256,Pregame.FPK,gfx_diplopanel_techgold2.dds
ui_external,ui_external/gfx_diplopanel_techgold3.png,128,128,Pregame.FPK,gfx_diplopanel_techgold3.dds
ui_external,ui_external/gfx_mainmenu_logo.png,1024,256,Pregame.FPK,gfx_mainmenu_logo.dds
ui_external,ui_external/gfx_saveload_eraicon_ancient.png,32,32,Pregame.FPK,gfx_saveload_eraicon_ancient.dds
ui_external,ui_external/gfx_saveload_eraicon_industrial.png,32,32,Pregame.FPK,gfx_saveload_eraicon_industrial.dds
ui_external,ui_external/gfx_saveload_eraicon_medieval.png,32,32,Pregame.FPK,gfx_saveload_eraicon_medieval.dds
ui_external,ui_external/gfx_saveload_eraicon_modern.png,32,32,Pregame.FPK,gfx_saveload_eraicon_modern.dds
ui_external,ui_external/outlinetopcenter.png,16,16,Pregame.FPK,outlinetopcenter.dds
ui_external,ui_external/outlinetopleft.png,16,16,Pregame.FPK,outlinetopleft.dds
ui_external,ui_external/outlinetopright.png,16,16,Pregame.FPK,outlinetopright.dds
ui_external,ui_external/poweredbygamespy.png,512,128,Pregame.FPK,poweredbygamespy.dds
ui_external,ui_external/xboxhorizontal.png,64,64,Pregame.FPK,xboxhorizontal.dds
ui_external,ui_external/xboxvertical.png,64,64,Pregame.FPK,xboxvertical.dds
unit_status,unit_status/unit_status_fortifying.png,128,128,Common0.FPK,unit_status_fortifying.dds
unit_status,unit_status/unit_status_gray.png,128,128,Common0.FPK,unit_status_gray.dds
unit_status,unit_status/unit_status_green.png,128,128,Common0.FPK,unit_status_green.dds
unit_status,unit_status/unit_status_shield.png,128,128,Common0.FPK,unit_status_shield.dds
unit_status,unit_status/unit_status_shield10.png,128,128,Common0.FPK,unit_status_shield10.dds
unit_status,unit_status/unit_status_shield10plus.png,128,128,Common0.FPK,unit_status_shield10plus.dds
unit_status,unit_status/unit_status_shield5.png,128,128,Common0.FPK,unit_status_shield5.dds
unit_status,unit_status/unit_status_shield6.png,128,128,Common0.FPK,unit_status_shield6.dds
unit_status,unit_status/unit_status_shield7.png,128,128,Common0.FPK,unit_status_shield7.dds
unit_status,unit_status/unit_status_shield8.png,128,128,Common0.FPK,unit_status_shield8.dds
unit_status,unit_status/unit_status_shield9.png,128,128,Common0.FPK,unit_status_shield9.dds
unit_upgrades,unit_upgrades/upgrade_veteran.png,128,128,Common0.FPK,upgrade_veteran.dds
unit_upgrades,unit_upgrades/upgrade_blitz.png,128,128,pedia.FPK,upgrade_blitz.dds
unit_upgrades,unit_upgrades/upgrade_engineer.png,128,128,pedia.FPK,upgrade_engineer.dds
unit_upgrades,unit_upgrades/upgrade_guerilla.png,128,128,pedia.FPK,upgrade_guerilla.dds
unit_upgrades,unit_upgrades/upgrade_infiltration.png,128,128,pedia.FPK,upgrade_infiltration.dds
unit_upgrades,unit_upgrades/upgrade_leadership.png,128,128,pedia.FPK,upgrade_leadership.dds
unit_upgrades,unit_upgrades/upgrade_loyalty.png,128,128,pedia.FPK,upgrade_loyalty.dds
unit_upgrades,unit_upgrades/upgrade_march.png,128,128,pedia.FPK,upgrade_march.dds
unit_upgrades,unit_upgrades/upgrade_medic.png,128,128,pedia.FPK,upgrade_medic.dds
unit_upgrades,unit_upgrades/upgrade_scout.png,128,128,pedia.FPK,upgrade_scout.dds
unit_upgrades_small,unit_upgrades_small/upgrade_blitz.png,32,32,Level.FPK,upgrade_blitz.png.dds
unit_upgrades_small,unit_upgrades_small/upgrade_engineer.png,32,32,Level.FPK,upgrade_engineer.png.dds
unit_upgrades_small,unit_upgrades_small/upgrade_guerrilla.png,32,32,Level.FPK,upgrade_guerrilla.png.dds
unit_upgrades_small,unit_upgrades_small/upgrade_infiltration.png,32,32,Level.FPK,upgrade_infiltration.png.dds
unit_upgrades_small,unit_upgrades_small/upgrade_leadership.png,32,32,Level.FPK,upgrade_leadership.png.dds
unit_upgrades_small,unit_upgrades_small/upgrade_loyalty.png,32,32,Level.FPK,upgrade_loyalty.png.dds
unit_upgrades_small,unit_upgrades_small/upgrade_march.png,32,32,Level.FPK,upgrade_march.png.dds
unit_upgrades_small,unit_upgrades_small/upgrade_medic.png,32,32,Level.FPK,upgrade_medic.png.dds
unit_upgrades_small,unit_upgrades_small/upgrade_scout.png,32,32,Level.FPK,upgrade_scout.png.dds
units,units/unit_great_scientist_female.png,128,128,Common0.FPK,unit_great_scientist_female.dds
units,units/unit_armor.png,128,128,Level.FPK,unit_armor.dds
units,units/unit_backinblack_outline.png,256,256,Level.FPK,unit_backinblack_outline.dds
units,units/unit_backinblack.png,256,256,Level.FPK,unit_backinblack.dds
units,units/unit_barbarian_cold.png,128,128,Level.FPK,unit_barbarian_cold.dds
units,units/unit_barbarian_temperate.png,128,128,Level.FPK,unit_barbarian_temperate.dds
units,units/unit_barbarian_warm.png,128,128,Level.FPK,unit_barbarian_warm.dds
units,units/unit_barbarian.png,128,128,Level.FPK,unit_barbarian.dds
units,units/unit_city.png,128,128,Level.FPK,unit_city.dds
units,units/unit_great_artist_female.png,128,128,Level.FPK,unit_great_artist_female.dds
units,units/unit_greatgeneral.png,128,128,Level.FPK,unit_greatgeneral.dds
units,units/unit_resource.png,64,64,Level.FPK,unit_resource.dds
units,units/unit_spaceshuttle.png,128,128,Level.FPK,unit_spaceshuttle.dds
units,units/unit_swordsman.png,128,128,Level.FPK,unit_swordsman.dds
units,units/unit_worker.png,128,128,Level.FPK,unit_worker.dds
units,units/unit_archer.png,128,128,pedia.FPK,unit_archer.dds
units,units/unit_artillery.png,128,128,pedia.FPK,unit_artillery.dds
units,units/unit_battleship.png,128,128,pedia.FPK,unit_battleship.dds
units,units/unit_bomber.png,128,128,pedia.FPK,unit_bomber.dds
units,units/unit_cannon.png,128,128,pedia.FPK,unit_cannon.dds
units,units/unit_caravan.png,128,128,pedia.FPK,unit_caravan.dds
units,units/unit_catapult.png,128,128,pedia.FPK,unit_catapult.dds
units,units/unit_cruiser.png,128,128,pedia.FPK,unit_cruiser.dds
units,units/unit_fighter.png,128,128,pedia.FPK,unit_fighter.dds
units,units/unit_galleon.png,128,128,pedia.FPK,unit_galleon.dds
units,units/unit_galley.png,128,128,pedia.FPK,unit_galley.dds
units,units/unit_great_artist_male.png,128,128,pedia.FPK,unit_great_artist_male.dds
units,units/unit_great_engineer.png,128,128,pedia.FPK,unit_great_engineer.dds
units,units/unit_great_general.png,128,128,pedia.FPK,unit_great_general.dds
units,units/unit_great_leader.png,128,128,pedia.FPK,unit_great_leader.dds
units,units/unit_great_prophet.png,128,128,pedia.FPK,unit_great_prophet.dds
units,units/unit_great_scientist_male.png,128,128,pedia.FPK,unit_great_scientist_male.dds
units,units/unit_great_tycoon.png,128,128,pedia.FPK,unit_great_tycoon.dds
units,units/unit_horseman.png,128,128,pedia.FPK,unit_horseman.dds
units,units/unit_icbm.png,128,128,pedia.FPK,unit_icbm.dds
units,units/unit_infantry.png,128,128,pedia.FPK,unit_infantry.dds
units,units/unit_knight.png,128,128,pedia.FPK,unit_knight.dds
units,units/unit_legion.png,128,128,pedia.FPK,unit_legion.dds
units,units/unit_militia.png,128,128,pedia.FPK,unit_militia.dds
units,units/unit_phalanx.png,128,128,pedia.FPK,unit_phalanx.dds
units,units/unit_rifleman.png,128,128,pedia.FPK,unit_rifleman.dds
units,units/unit_settler.png,128,128,pedia.FPK,unit_settler.dds
units,units/unit_spy.png,128,128,pedia.FPK,unit_spy.dds
units,units/unit_submarine.png,128,128,pedia.FPK,unit_submarine.dds
units,units/unit_tank.png,128,128,pedia.FPK,unit_tank.dds
units,units/unit_warrior.png,128,128,pedia.FPK,unit_warrior.dds
wonders,wonders/wond_greatlibraryofalexandria.png,128,128,Common0.FPK,wond_greatlibraryofalexandria.dds
wonders,wonders/wond_military-industrialcomplex.png,128,128,Common0.FPK,wond_military-industrialcomplex.dds
wonders,wonders/wond_theworldbank.png,128,128,Common0.FPK,wond_theworldbank.dds
wonders,wonders/wond_apolloprogram.png,128,128,pedia.FPK,wond_apolloprogram.dds
wonders,wonders/wond_colossusofrhodes.png,128,128,pedia.FPK,wond_colossusofrhodes.dds
wonders,wonders/wond_hanginggardensofbabylon.png,128,128,pedia.FPK,wond_hanginggardensofbabylon.dds
wonders,wonders/wond_himejisamuraicastle.png,128,128,pedia.FPK,wond_himejisamuraicastle.dds
wonders,wonders/wond_hollywood.png,128,128,pedia.FPK,wond_hollywood.dds
wonders,wonders/wond_leonardosworkshop.png,128,128,pedia.FPK,wond_leonardosworkshop.dds
wonders,wonders/wond_manhattanproject.png,128,128,pedia.FPK,wond_manhattanproject.dds
wonders,wonders/wond_oracleofdelphi.png,128,128,pedia.FPK,wond_oracleofdelphi.dds
wonders,wonders/wond_oxforduniversity.png,128,128,pedia.FPK,wond_oxforduniversity.dds
wonders,wonders/wond_pyramidsofegypt.png,128,128,pedia.FPK,wond_pyramidsofegypt.dds
wonders,wonders/wond_shakespearestheatre.png,128,128,pedia.FPK,wond_shakespearestheatre.dds
wonders,wonders/wond_stonehenge.png,128,128,pedia.FPK,wond_stonehenge.dds
wonders,wonders/wond_theeastindiacompany.png,128,128,pedia.FPK,wond_theeastindiacompany.dds
wonders,wonders/wond_thegreatwall.png,128,128,pedia.FPK,wond_thegreatwall.dds
wonders,wonders/wond_theinternet.png,128,128,pedia.FPK,wond_theinternet.dds
wonders,wonders/wond_themagnacarta.png,128,128,pedia.FPK,wond_themagnacarta.dds
wonders,wonders/wond_troyestradefair.png,128,128,pedia.FPK,wond_troyestradefair.dds
wonders,wonders/wond_unitednations.png,128,128,pedia.FPK,wond_unitednations.dds
yield_icons,yield_icons/res_buildcity_bg.png,128,128,Common0.FPK,res_buildcity_bg.dds
yield_icons,yield_icons/res_food_inactive.png,32,32,Common0.FPK,res_food_inactive.dds
yield_icons,yield_icons/res_food.png,32,32,Common0.FPK,res_food.dds
yield_icons,yield_icons/res_gold_inactive.png,32,32,Common0.FPK,res_gold_inactive.dds
yield_icons,yield_icons/res_happiness_bg.png,128,128,Common0.FPK,res_happiness_bg.dds
yield_icons,yield_icons/res_happiness_inactive.png,32,32,Common0.FPK,res_happiness_inactive.dds
yield_icons,yield_icons/res_happiness.png,32,32,Common0.FPK,res_happiness.dds
yield_icons,yield_icons/res_production_inactive.png,32,32,Common0.FPK,res_production_inactive.dds
yield_icons,yield_icons/res_production.png,32,32,Common0.FPK,res_production.dds
yield_icons,yield_icons/res_science_inactive.png,32,32,Common0.FPK,res_science_inactive.dds
yield_icons,yield_icons/res_science.png,32,32,Common0.FPK,res_science.dds
yield_icons,yield_icons/res_trade_inactive.png,32,32,Common0.FPK,res_trade_inactive.dds
yield_icons,yield_icons/res_trade.png,32,32,Common0.FPK,res_trade.dds
yield_icons,yield_icons/yield_gray_bkgd.png,128,128,Common0.FPK,yield_gray_bkgd.dds
yield_icons,yield_icons/res_food_bg.png,128,128,Level.FPK,res_food_bg.dds
yield_icons,yield_icons/res_gold_bg.png,128,128,Level.FPK,res_gold_bg.dds
yield_icons,yield_icons/res_production_bg.png,128,128,Level.FPK,res_production_bg.dds
yield_icons,yield_icons/res_research_bg.png,128,128,Level.FPK,res_research_bg.dds
yield_icons,yield_icons/res_trade_bg.png,128,128,Level.FPK,res_trade_bg.dds
